,x_start,y_start,x_stop,y_stop,z,0,1,2,3,positive_ground_truth,negative_ground_truth
0,2131,955,2387,1211,21,65401,135,0,0,True,False
1,2279,1286,2535,1542,21,64455,1081,0,0,True,False
2,2136,2520,2392,2776,27,65536,0,0,0,False,True
3,1330,1365,1586,1621,74,65504,32,0,0,True,False
4,2018,1416,2274,1672,74,65440,96,0,0,True,False
5,2364,2246,2620,2502,89,65536,0,0,0,False,True
6,3387,1765,3643,2021,99,65536,0,0,0,False,True
7,3445,1699,3701,1955,100,64182,1354,0,0,True,False
8,3359,1509,3615,1765,100,63185,2351,0,0,True,False
9,2338,1937,2594,2193,100,61932,3604,0,0,True,False
10,2973,1638,3229,1894,100,62164,3372,0,0,True,False
11,1886,1398,2142,1654,127,65536,0,0,0,False,True
12,1712,1432,1968,1688,196,63068,2468,0,0,True,False
13,2037,1164,2293,1420,196,63664,1872,0,0,True,False
14,2747,2506,3003,2762,198,65536,0,0,0,False,True
15,2383,1326,2639,1582,199,60632,4904,0,0,True,False
16,1307,2004,1563,2260,199,65274,262,0,0,True,False
17,2141,2263,2397,2519,236,63906,0,1630,0,False,True
18,1214,1957,1470,2213,236,61636,0,3900,0,False,True
19,2063,1596,2319,1852,236,65536,0,0,0,False,True
20,2038,2369,2294,2625,236,65524,0,12,0,False,True
21,1678,2097,1934,2353,237,65052,0,484,0,False,True
22,3895,1890,4151,2146,243,65536,0,0,0,False,True
23,1647,2134,1903,2390,261,64146,0,1390,0,False,True
24,3039,1278,3295,1534,261,65192,0,344,0,False,True
25,2803,1537,3059,1793,261,62726,0,2810,0,False,True
26,2323,2190,2579,2446,283,65536,0,0,0,False,True
27,2468,1551,2724,1807,283,62540,2996,0,0,True,False
28,1926,2080,2182,2336,284,65468,68,0,0,True,False
29,3317,2316,3573,2572,288,65536,0,0,0,False,True
30,3068,1215,3324,1471,289,63134,0,2402,0,False,True
31,2004,2135,2260,2391,289,63498,0,2038,0,False,True
32,2764,2260,3020,2516,289,65536,0,0,0,False,True
33,1378,2256,1634,2512,290,65536,0,0,0,False,True
34,2040,1905,2296,2161,291,64540,996,0,0,True,False
35,2822,1760,3078,2016,291,63092,2444,0,0,True,False
36,2424,1013,2680,1269,291,65166,370,0,0,True,False
37,1786,1471,2042,1727,291,61018,4518,0,0,True,False
38,3147,1083,3403,1339,295,64926,610,0,0,True,False
39,2306,2043,2562,2299,295,63644,1892,0,0,True,False
40,2644,1288,2900,1544,304,59976,5560,0,0,True,False
41,2732,1760,2988,2016,304,59548,5988,0,0,True,False
42,2363,1889,2619,2145,305,65099,437,0,0,True,False
43,3438,2492,3694,2748,351,65536,0,0,0,False,True
44,3083,1558,3339,1814,352,62976,2560,0,0,True,False
45,1614,1796,1870,2052,352,61608,3928,0,0,True,False
46,2272,1119,2528,1375,352,65536,0,0,0,False,True
47,1392,1736,1648,1992,356,65536,0,0,0,False,True
48,1433,989,1689,1245,357,65536,0,0,0,False,True
49,1881,1794,2137,2050,357,65182,354,0,0,True,False
50,1509,2134,1765,2390,585,61504,0,4032,0,False,True
51,2290,893,2546,1149,586,65528,8,0,0,True,False
52,3100,2320,3356,2576,588,63464,2072,0,0,True,False
53,3039,1743,3295,1999,588,60058,5478,0,0,True,False
54,1812,1765,2068,2021,598,62092,3444,0,0,True,False
55,3090,1845,3346,2101,598,61392,4144,0,0,True,False
56,2957,1849,3213,2105,598,61372,4164,0,0,True,False
57,3588,1245,3844,1501,666,65170,0,366,0,False,True
58,1794,1103,2050,1359,695,63024,0,2512,0,False,True
59,2403,2067,2659,2323,695,65490,0,46,0,False,True
60,2338,948,2594,1204,695,64508,0,1028,0,False,True
61,1752,959,2008,1215,695,65536,0,0,0,False,True
62,3099,1985,3355,2241,695,64268,0,1268,0,False,True
63,2174,1367,2430,1623,744,64026,0,1510,0,False,True
64,2369,2094,2625,2350,744,63148,0,2388,0,False,True
65,3368,1967,3624,2223,787,61448,0,4088,0,False,True
66,3322,1655,3578,1911,787,62950,0,2586,0,False,True
67,2835,1734,3091,1990,788,62582,2954,0,0,True,False
68,2204,2371,2460,2627,788,65536,0,0,0,False,True
69,2118,1395,2374,1651,855,65048,0,488,0,False,True
70,2170,1303,2426,1559,855,61840,0,3696,0,False,True
71,2658,2335,2914,2591,855,65536,0,0,0,False,True
72,1514,2067,1770,2323,863,64626,0,910,0,False,True
73,2443,1104,2699,1360,863,64810,0,726,0,False,True
74,1956,2315,2212,2571,863,63960,0,1576,0,False,True
75,2429,1196,2685,1452,863,64026,0,1510,0,False,True
76,2625,1305,2881,1561,863,63892,0,1644,0,False,True
77,3852,1380,4108,1636,880,65536,0,0,0,False,True
78,2950,1727,3206,1983,952,64816,0,720,0,False,True
79,3346,1783,3602,2039,952,63426,0,2110,0,False,True
80,1718,1751,1974,2007,954,65206,0,330,0,False,True
81,1244,2042,1500,2298,1032,65462,74,0,0,True,False
82,3299,2142,3555,2398,1032,65434,102,0,0,True,False
83,2519,1053,2775,1309,1090,64643,893,0,0,True,False
84,2082,1144,2338,1400,1090,65027,0,509,0,False,True
85,2429,1022,2685,1278,1090,64625,911,0,0,True,False
86,1195,1039,1451,1295,1090,65536,0,0,0,False,True
87,2995,1070,3251,1326,1341,65072,464,0,0,True,False
88,2390,2311,2646,2567,1351,65536,0,0,0,False,True
89,1277,1364,1533,1620,1351,65536,0,0,0,False,True
90,1838,1061,2094,1317,1394,64366,1170,0,0,True,False
91,2804,986,3060,1242,1410,64042,1494,0,0,True,False
92,2967,1007,3223,1263,1410,65259,277,0,0,True,False
93,2989,845,3245,1101,1410,65536,0,0,0,False,True
94,2467,1294,2723,1550,1416,64060,1476,0,0,True,False
95,2361,1136,2617,1392,1495,64208,1328,0,0,True,False
96,1612,2279,1868,2535,1521,64692,0,844,0,False,True
97,1297,1853,1553,2109,2040,65140,0,396,0,False,True
98,1261,1839,1517,2095,2040,65215,0,321,0,False,True
99,1644,928,1900,1184,2044,65536,0,0,0,False,True
100,2595,1964,2851,2220,2047,63835,1701,0,0,True,False
101,3093,2212,3349,2468,2047,63935,1601,0,0,True,False
102,2488,2150,2744,2406,2047,64141,1395,0,0,True,False
103,1607,1418,1863,1674,2097,65536,0,0,0,False,True
104,2177,1219,2433,1475,2097,61943,3593,0,0,True,False
105,1534,1975,1790,2231,2097,64890,646,0,0,True,False
106,1303,1223,1559,1479,2098,65060,476,0,0,True,False
107,1977,933,2233,1189,2099,65335,201,0,0,True,False
108,2066,1693,2322,1949,2099,65226,310,0,0,True,False
109,2569,2047,2825,2303,2099,64978,558,0,0,True,False
110,1610,968,1866,1224,2164,62052,3484,0,0,True,False
111,1432,1835,1688,2091,2170,64897,639,0,0,True,False
112,3469,2102,3725,2358,2171,65536,0,0,0,False,True
113,3059,1176,3315,1432,2171,62833,2703,0,0,True,False
114,3628,1216,3884,1472,2171,64062,1474,0,0,True,False
115,3386,1152,3642,1408,2171,62239,3297,0,0,True,False
116,2428,1162,2684,1418,2,65060,0,476,0,False,True
117,1713,1271,1969,1527,2,63922,0,1614,0,False,True
118,2477,1254,2733,1510,2,64056,0,1480,0,False,True
119,2664,1257,2920,1513,2,65436,0,100,0,False,True
120,1831,2318,2087,2574,2,65348,0,188,0,False,True
121,1964,2517,2220,2773,2,65536,0,0,0,False,True
122,2088,1380,2344,1636,2,64776,0,760,0,False,True
123,1765,1272,2021,1528,2,63552,0,1984,0,False,True
124,1703,1701,1959,1957,2,64472,0,1064,0,False,True
125,1486,2499,1742,2755,2,65536,0,0,0,False,True
126,2000,2088,2256,2344,2,63684,0,1852,0,False,True
127,2847,2254,3103,2510,20,65536,0,0,0,False,True
128,2260,1910,2516,2166,21,64442,1094,0,0,True,False
129,1223,904,1479,1160,25,65536,0,0,0,False,True
130,2709,1977,2965,2233,29,65536,0,0,0,False,True
131,2879,1820,3135,2076,33,65536,0,0,0,False,True
132,3619,1897,3875,2153,74,65160,376,0,0,True,False
133,2823,1545,3079,1801,74,65536,0,0,0,False,True
134,2719,1629,2975,1885,74,64332,1204,0,0,True,False
135,2316,1723,2572,1979,74,63036,2500,0,0,True,False
136,2834,1850,3090,2106,74,62992,2544,0,0,True,False
137,1335,1244,1591,1500,81,65536,0,0,0,False,True
138,2276,1149,2532,1405,81,65536,0,0,0,False,True
139,1911,1871,2167,2127,100,64052,1484,0,0,True,False
140,2904,1811,3160,2067,100,62164,3372,0,0,True,False
141,2102,2058,2358,2314,100,64828,708,0,0,True,False
142,1785,2033,2041,2289,100,61882,3654,0,0,True,False
143,2741,1997,2997,2253,100,65536,0,0,0,False,True
144,2993,2394,3249,2650,127,64588,948,0,0,True,False
145,3587,1996,3843,2252,127,65536,0,0,0,False,True
146,2252,1718,2508,1974,127,64216,1320,0,0,True,False
147,2585,1514,2841,1770,127,64390,1146,0,0,True,False
148,2128,1002,2384,1258,127,65536,0,0,0,False,True
149,2601,1698,2857,1954,127,64510,1026,0,0,True,False
150,2589,1477,2845,1733,127,64421,1115,0,0,True,False
151,3224,2093,3480,2349,127,65058,478,0,0,True,False
152,1261,1101,1517,1357,164,65536,0,0,0,False,True
153,2323,2145,2579,2401,164,65536,0,0,0,False,True
154,2276,1938,2532,2194,173,65536,0,0,0,False,True
155,1450,1066,1706,1322,173,65536,0,0,0,False,True
156,1989,2188,2245,2444,173,65536,0,0,0,False,True
157,2147,1547,2403,1803,184,65536,0,0,0,False,True
158,2532,1428,2788,1684,184,65536,0,0,0,False,True
159,1588,1813,1844,2069,187,65536,0,0,0,False,True
160,2066,2457,2322,2713,187,65536,0,0,0,False,True
161,2236,1025,2492,1281,196,63672,1864,0,0,True,False
162,1854,1415,2110,1671,196,60314,5222,0,0,True,False
163,1567,1891,1823,2147,196,65066,470,0,0,True,False
164,2164,1125,2420,1381,196,62072,3464,0,0,True,False
165,3510,1774,3766,2030,198,65536,0,0,0,False,True
166,2273,1553,2529,1809,199,62496,3040,0,0,True,False
167,1470,1651,1726,1907,199,63240,2296,0,0,True,False
168,2239,1417,2495,1673,199,60622,4914,0,0,True,False
169,2619,1319,2875,1575,199,60676,4860,0,0,True,False
170,1554,1814,1810,2070,199,60808,4728,0,0,True,False
171,1441,1478,1697,1734,236,65328,0,208,0,False,True
172,2523,1202,2779,1458,236,61244,0,4292,0,False,True
173,2196,2234,2452,2490,236,63512,0,2024,0,False,True
174,2288,2260,2544,2516,236,63452,0,2084,0,False,True
175,3155,1822,3411,2078,236,64316,0,1220,0,False,True
176,2408,1485,2664,1741,236,65536,0,0,0,False,True
177,1885,2057,2141,2313,236,61120,0,4416,0,False,True
178,1203,1943,1459,2199,236,62032,0,3504,0,False,True
179,3181,2170,3437,2426,236,64314,0,1222,0,False,True
180,2539,1430,2795,1686,236,63044,0,2492,0,False,True
181,3032,1987,3288,2243,236,63482,0,2054,0,False,True
182,2069,1545,2325,1801,237,60616,4920,0,0,True,False
183,1893,1400,2149,1656,237,64830,706,0,0,True,False
184,2291,1231,2547,1487,237,64350,1186,0,0,True,False
185,2282,1313,2538,1569,237,61006,4530,0,0,True,False
186,1291,1745,1547,2001,237,62290,3246,0,0,True,False
187,1787,1454,2043,1710,237,64602,934,0,0,True,False
188,2295,1464,2551,1720,237,60988,4548,0,0,True,False
189,3621,1275,3877,1531,241,65536,0,0,0,False,True
190,2302,1717,2558,1973,243,65536,0,0,0,False,True
191,2582,1176,2838,1432,247,65536,0,0,0,False,True
192,1654,1070,1910,1326,260,65536,0,0,0,False,True
193,3041,1469,3297,1725,261,63294,0,2242,0,False,True
194,2246,1470,2502,1726,261,59452,2900,3184,0,True,False
195,2384,1237,2640,1493,261,62502,0,3034,0,False,True
196,2737,1558,2993,1814,261,62722,0,2814,0,False,True
197,2199,1551,2455,1807,261,61159,906,3471,0,True,False
198,2968,1852,3224,2108,283,61440,4096,0,0,True,False
199,2189,1452,2445,1708,283,64724,812,0,0,True,False
200,3177,1986,3433,2242,283,63698,1838,0,0,True,False
201,2327,1050,2583,1306,283,62604,2932,0,0,True,False
202,1614,2038,1870,2294,284,59724,5812,0,0,True,False
203,1520,1983,1776,2239,284,61120,4416,0,0,True,False
204,1675,2070,1931,2326,288,64236,0,1300,0,False,True
205,1971,2204,2227,2460,288,63078,0,2458,0,False,True
206,1337,955,1593,1211,288,65536,0,0,0,False,True
207,3219,1629,3475,1885,288,65200,0,336,0,False,True
208,2042,2008,2298,2264,288,63664,0,1872,0,False,True
209,2636,1877,2892,2133,288,64036,0,1500,0,False,True
210,2912,1851,3168,2107,288,62796,0,2740,0,False,True
211,1713,2326,1969,2582,288,64772,0,764,0,False,True
212,3287,1689,3543,1945,288,64958,0,578,0,False,True
213,2791,1479,3047,1735,288,65230,0,306,0,False,True
214,2421,1623,2677,1879,289,61368,4168,0,0,True,False
215,3150,2036,3406,2292,289,65296,240,0,0,True,False
216,1934,1677,2190,1933,289,65496,0,40,0,False,True
217,2322,1802,2578,2058,289,65404,132,0,0,True,False
218,1729,1528,1985,1784,290,60832,4704,0,0,True,False
219,2484,1315,2740,1571,290,65536,0,0,0,False,True
220,1748,1553,2004,1809,290,60832,4704,0,0,True,False
221,1513,1105,1769,1361,290,64172,1364,0,0,True,False
222,1840,1455,2096,1711,291,61012,4524,0,0,True,False
223,1681,1413,1937,1669,291,61213,4323,0,0,True,False
224,2680,1809,2936,2065,291,62920,2616,0,0,True,False
225,2460,1430,2716,1686,291,64684,852,0,0,True,False
226,3341,1315,3597,1571,291,64824,712,0,0,True,False
227,1582,1275,1838,1531,291,64674,862,0,0,True,False
228,3048,1253,3304,1509,291,63044,2492,0,0,True,False
229,1531,1764,1787,2020,291,64784,752,0,0,True,False
230,2958,2020,3214,2276,291,65300,236,0,0,True,False
231,1717,2109,1973,2365,291,65032,504,0,0,True,False
232,1441,1786,1697,2042,291,64580,956,0,0,True,False
233,2038,1172,2294,1428,293,65536,0,0,0,False,True
234,2719,2191,2975,2447,293,65536,0,0,0,False,True
235,3429,1691,3685,1947,294,61776,3760,0,0,True,False
236,2353,1887,2609,2143,294,64038,1498,0,0,True,False
237,2425,2081,2681,2337,294,64290,1246,0,0,True,False
238,3383,1508,3639,1764,294,64208,1328,0,0,True,False
239,2789,1817,3045,2073,294,65536,0,0,0,False,True
240,2526,1374,2782,1630,294,64924,612,0,0,True,False
241,3474,1585,3730,1841,294,63458,2078,0,0,True,False
242,2207,1181,2463,1437,294,62858,2678,0,0,True,False
243,3216,2204,3472,2460,295,64444,1092,0,0,True,False
244,3293,1331,3549,1587,295,61131,4405,0,0,True,False
245,2535,1588,2791,1844,295,64020,1516,0,0,True,False
246,3230,1379,3486,1635,295,61302,4234,0,0,True,False
247,2488,2116,2744,2372,295,63716,1820,0,0,True,False
248,2911,1287,3167,1543,295,64574,962,0,0,True,False
249,2890,1034,3146,1290,295,62752,2784,0,0,True,False
250,2902,1055,3158,1311,295,62266,3270,0,0,True,False
251,2284,1942,2540,2198,295,63380,2156,0,0,True,False
252,2817,1073,3073,1329,295,63400,2136,0,0,True,False
253,2379,2141,2635,2397,303,65536,0,0,0,False,True
254,2759,1712,3015,1968,304,59608,5928,0,0,True,False
255,2569,1502,2825,1758,304,61602,3934,0,0,True,False
256,2966,1991,3222,2247,304,63948,1588,0,0,True,False
257,2123,1415,2379,1671,305,60048,5488,0,0,True,False
258,2074,1373,2330,1629,305,60036,5500,0,0,True,False
259,2246,915,2502,1171,305,65224,312,0,0,True,False
260,1523,1895,1779,2151,351,65236,0,300,0,False,True
261,1811,2078,2067,2334,351,62714,0,2822,0,False,True
262,1812,2162,2068,2418,351,64516,0,1020,0,False,True
263,3330,1438,3586,1694,352,63348,2188,0,0,True,False
264,3245,1421,3501,1677,352,62292,3244,0,0,True,False
265,1824,1781,2080,2037,352,62976,2560,0,0,True,False
266,1962,1992,2218,2248,356,64252,1284,0,0,True,False
267,1396,2237,1652,2493,356,62554,2982,0,0,True,False
268,1187,1183,1443,1439,356,65536,0,0,0,False,True
269,2330,1884,2586,2140,356,60116,5420,0,0,True,False
270,2275,1893,2531,2149,356,60936,4600,0,0,True,False
271,1688,2266,1944,2522,357,63692,1844,0,0,True,False
272,3326,1475,3582,1731,358,64834,702,0,0,True,False
273,2101,1234,2357,1490,358,65536,0,0,0,False,True
274,1989,2088,2245,2344,358,63848,1688,0,0,True,False
275,2487,1082,2743,1338,358,65536,0,0,0,False,True
276,2746,1794,3002,2050,358,63364,2172,0,0,True,False
277,1634,1109,1890,1365,585,65536,0,0,0,False,True
278,1785,1764,2041,2020,585,65536,0,0,0,False,True
279,1509,1851,1765,2107,585,63502,0,2034,0,False,True
280,2571,992,2827,1248,586,63608,1928,0,0,True,False
281,2068,1578,2324,1834,586,59020,6516,0,0,True,False
282,2173,1541,2429,1797,586,60994,4542,0,0,True,False
283,1763,2156,2019,2412,586,64226,1310,0,0,True,False
284,2172,1487,2428,1743,586,59660,5876,0,0,True,False
285,3345,1669,3601,1925,587,64460,1076,0,0,True,False
286,2934,1666,3190,1922,587,65068,468,0,0,True,False
287,3138,1496,3394,1752,588,61564,3972,0,0,True,False
288,2928,1844,3184,2100,588,64988,548,0,0,True,False
289,2365,1750,2621,2006,591,65536,0,0,0,False,True
290,3841,2467,4097,2723,591,65536,0,0,0,False,True
291,3309,2283,3565,2539,592,63440,2096,0,0,True,False
292,3044,2166,3300,2422,592,63403,2133,0,0,True,False
293,3380,2284,3636,2540,592,63345,2191,0,0,True,False
294,2685,2176,2941,2432,592,63538,1998,0,0,True,False
295,3290,2302,3546,2558,592,63427,2109,0,0,True,False
296,3963,921,4219,1177,597,65536,0,0,0,False,True
297,2489,2283,2745,2539,597,65536,0,0,0,False,True
298,2481,1764,2737,2020,598,62558,2978,0,0,True,False
299,3321,1888,3577,2144,598,61026,4510,0,0,True,False
300,3865,2134,4121,2390,598,65536,0,0,0,False,True
301,2960,1362,3216,1618,653,65536,0,0,0,False,True
302,1129,1796,1385,2052,653,65536,0,0,0,False,True
303,2931,2359,3187,2615,666,64872,0,664,0,False,True
304,1883,2234,2139,2490,666,65034,0,502,0,False,True
305,3393,1380,3649,1636,666,63704,0,1832,0,False,True
306,2936,971,3192,1227,672,65536,0,0,0,False,True
307,2103,2269,2359,2525,695,63760,0,1776,0,False,True
308,2203,1091,2459,1347,695,61466,0,4070,0,False,True
309,3592,1960,3848,2216,695,64092,0,1444,0,False,True
310,2292,2060,2548,2316,695,63340,0,2196,0,False,True
311,3274,1736,3530,1992,695,62556,0,2980,0,False,True
312,2153,1643,2409,1899,695,62864,0,2672,0,False,True
313,2901,2055,3157,2311,695,65214,0,322,0,False,True
314,2133,2091,2389,2347,697,65536,0,0,0,False,True
315,1673,1585,1929,1841,744,64432,0,1104,0,False,True
316,2672,2359,2928,2615,744,65536,0,0,0,False,True
317,2153,1910,2409,2166,744,65476,0,60,0,False,True
318,1783,1682,2039,1938,744,63440,0,2096,0,False,True
319,1959,1565,2215,1821,787,60856,0,4680,0,False,True
320,2000,1021,2256,1277,787,62048,0,3488,0,False,True
321,3218,1269,3474,1525,787,65464,0,72,0,False,True
322,2131,1182,2387,1438,787,61068,0,4468,0,False,True
323,1988,1967,2244,2223,787,60574,0,4962,0,False,True
324,1625,2002,1881,2258,787,60266,0,5270,0,False,True
325,2923,2302,3179,2558,787,65536,0,0,0,False,True
326,3213,1925,3469,2181,787,65082,0,454,0,False,True
327,1797,1571,2053,1827,788,61995,3541,0,0,True,False
328,2498,1736,2754,1992,788,62444,3092,0,0,True,False
329,3476,2150,3732,2406,788,62412,0,3124,0,False,True
330,1691,1642,1947,1898,788,62020,3516,0,0,True,False
331,3427,923,3683,1179,790,65536,0,0,0,False,True
332,2558,1334,2814,1590,791,65536,0,0,0,False,True
333,3503,1531,3759,1787,791,65074,0,462,0,False,True
334,2175,2010,2431,2266,791,62228,3308,0,0,True,False
335,2039,2043,2295,2299,791,62288,3248,0,0,True,False
336,2661,1242,2917,1498,792,64968,568,0,0,True,False
337,1132,1989,1388,2245,792,65536,0,0,0,False,True
338,2014,1320,2270,1576,792,64976,560,0,0,True,False
339,1313,1298,1569,1554,792,65536,0,0,0,False,True
340,2789,1292,3045,1548,792,64230,1306,0,0,True,False
341,2771,1386,3027,1642,792,64304,1232,0,0,True,False
342,2689,1273,2945,1529,792,64280,1256,0,0,True,False
343,3099,1103,3355,1359,819,65536,0,0,0,False,True
344,2858,1830,3114,2086,819,65136,400,0,0,True,False
345,3343,1500,3599,1756,819,63120,2416,0,0,True,False
346,2644,1803,2900,2059,819,63104,2432,0,0,True,False
347,2528,1404,2784,1660,819,65536,0,0,0,False,True
348,1962,1253,2218,1509,836,65536,0,0,0,False,True
349,3370,893,3626,1149,836,65536,0,0,0,False,True
350,1797,1456,2053,1712,836,65536,0,0,0,False,True
351,1766,1019,2022,1275,855,64020,0,1516,0,False,True
352,1359,1628,1615,1884,855,63230,0,2306,0,False,True
353,2758,1049,3014,1305,855,63866,0,1670,0,False,True
354,1353,1751,1609,2007,855,64554,0,982,0,False,True
355,2251,1486,2507,1742,863,65536,0,0,0,False,True
356,2478,1529,2734,1785,863,63048,0,2488,0,False,True
357,1611,2296,1867,2552,863,64630,0,906,0,False,True
358,2543,1065,2799,1321,880,64120,0,1416,0,False,True
359,2400,2026,2656,2282,880,63332,0,2204,0,False,True
360,1822,1006,2078,1262,952,65536,0,0,0,False,True
361,3058,1412,3314,1668,952,64133,0,1403,0,False,True
362,1638,2274,1894,2530,954,64338,0,1198,0,False,True
363,1876,1865,2132,2121,977,63848,0,1688,0,False,True
364,1783,2217,2039,2473,977,65156,0,380,0,False,True
365,1441,2062,1697,2318,977,61484,0,4052,0,False,True
366,1685,2354,1941,2610,977,65052,0,484,0,False,True
367,2169,908,2425,1164,1031,65536,0,0,0,False,True
368,1348,2075,1604,2331,1032,64942,594,0,0,True,False
369,2559,2109,2815,2365,1032,64242,1294,0,0,True,False
370,1482,2230,1738,2486,1032,64957,579,0,0,True,False
371,2363,2053,2619,2309,1032,64110,1426,0,0,True,False
372,1917,870,2173,1126,1089,65536,0,0,0,False,True
373,2891,1337,3147,1593,1089,65536,0,0,0,False,True
374,2270,1168,2526,1424,1090,64891,645,0,0,True,False
375,1718,935,1974,1191,1090,64604,0,932,0,False,True
376,2268,1108,2524,1364,1090,64910,626,0,0,True,False
377,2596,2080,2852,2336,1091,65478,58,0,0,True,False
378,3074,2045,3330,2301,1091,64236,1300,0,0,True,False
379,2815,1335,3071,1591,1092,64058,1478,0,0,True,False
380,2408,1540,2664,1796,1092,65384,152,0,0,True,False
381,3323,2323,3579,2579,1092,64465,1071,0,0,True,False
382,3050,1414,3306,1670,1092,63946,1590,0,0,True,False
383,2660,1574,2916,1830,1092,63636,1900,0,0,True,False
384,2676,1620,2932,1876,1092,64491,1045,0,0,True,False
385,3648,1093,3904,1349,1092,65265,271,0,0,True,False
386,2609,2296,2865,2552,1101,65536,0,0,0,False,True
387,1639,1090,1895,1346,1102,63945,1591,0,0,True,False
388,2611,1063,2867,1319,1102,65536,0,0,0,False,True
389,3108,1611,3364,1867,1102,65536,0,0,0,False,True
390,2152,1070,2408,1326,1102,64268,1268,0,0,True,False
391,1432,1943,1688,2199,1103,65536,0,0,0,False,True
392,2113,1601,2369,1857,1198,65536,0,0,0,False,True
393,3398,2225,3654,2481,1198,65523,0,13,0,False,True
394,2581,2435,2837,2691,1198,65510,0,26,0,False,True
395,2129,1698,2385,1954,1241,65536,0,0,0,False,True
396,2253,1735,2509,1991,1340,65536,0,0,0,False,True
397,3363,2084,3619,2340,1341,65536,0,0,0,False,True
398,2968,1036,3224,1292,1341,65531,5,0,0,True,False
399,2670,1088,2926,1344,1341,61846,3690,0,0,True,False
400,2548,1132,2804,1388,1341,63262,2274,0,0,True,False
401,2487,1120,2743,1376,1341,64148,1388,0,0,True,False
402,1515,1396,1771,1652,1351,65536,0,0,0,False,True
403,3129,1255,3385,1511,1351,65536,0,0,0,False,True
404,2838,1943,3094,2199,1351,65536,0,0,0,False,True
405,3891,1823,4147,2079,1394,65536,0,0,0,False,True
406,2823,1755,3079,2011,1405,64902,634,0,0,True,False
407,3200,1800,3456,2056,1405,64666,870,0,0,True,False
408,2798,1488,3054,1744,1405,62069,3467,0,0,True,False
409,2688,1203,2944,1459,1409,65536,0,0,0,False,True
410,2722,1026,2978,1282,1410,62529,3007,0,0,True,False
411,2706,1246,2962,1502,1410,65305,231,0,0,True,False
412,3671,1272,3927,1528,1410,64847,689,0,0,True,False
413,2070,1472,2326,1728,1411,62605,2931,0,0,True,False
414,1838,2122,2094,2378,1411,64644,892,0,0,True,False
415,2177,2179,2433,2435,1411,63642,1894,0,0,True,False
416,1909,1296,2165,1552,1411,62559,2977,0,0,True,False
417,1789,972,2045,1228,1411,64895,641,0,0,True,False
418,3796,1717,4052,1973,1411,65536,0,0,0,False,True
419,2007,1585,2263,1841,1411,64767,769,0,0,True,False
420,1751,925,2007,1181,1411,65007,529,0,0,True,False
421,2935,2487,3191,2743,1415,65536,0,0,0,False,True
422,2947,2495,3203,2751,1415,65536,0,0,0,False,True
423,3890,1210,4146,1466,1416,65536,0,0,0,False,True
424,3147,2019,3403,2275,1416,64514,1022,0,0,True,False
425,2700,1845,2956,2101,1416,64891,645,0,0,True,False
426,3260,2192,3516,2448,1416,64632,904,0,0,True,False
427,2826,1529,3082,1785,1416,65504,32,0,0,True,False
428,3062,2206,3318,2462,1416,64945,591,0,0,True,False
429,3175,1027,3431,1283,1438,65536,0,0,0,False,True
430,1817,939,2073,1195,1478,65536,0,0,0,False,True
431,3484,1644,3740,1900,1494,65536,0,0,0,False,True
432,2684,1620,2940,1876,1495,64873,663,0,0,True,False
433,2568,1175,2824,1431,1495,64373,1163,0,0,True,False
434,1673,861,1929,1117,1521,65241,0,295,0,False,True
435,2015,1199,2271,1455,1521,65536,0,0,0,False,True
436,1618,839,1874,1095,1521,65382,0,154,0,False,True
437,1618,1778,1874,2034,1602,65536,0,0,0,False,True
438,2882,1991,3138,2247,1764,65536,0,0,0,False,True
439,1873,2292,2129,2548,1764,65536,0,0,0,False,True
440,1981,2514,2237,2770,2005,65536,0,0,0,False,True
441,3617,1376,3873,1632,2005,65536,0,0,0,False,True
442,3617,1720,3873,1976,2040,65536,0,0,0,False,True
443,1564,1072,1820,1328,2040,65536,0,0,0,False,True
444,1302,2067,1558,2323,2046,65536,0,0,0,False,True
445,1475,2218,1731,2474,2046,65536,0,0,0,False,True
446,2307,1867,2563,2123,2047,65164,372,0,0,True,False
447,1860,1816,2116,2072,2047,65536,0,0,0,False,True
448,3470,989,3726,1245,2085,64992,0,544,0,False,True
449,1357,2316,1613,2572,2093,65536,0,0,0,False,True
450,2299,1272,2555,1528,2096,64089,1447,0,0,True,False
451,2306,1381,2562,1637,2097,65437,99,0,0,True,False
452,2026,1071,2282,1327,2097,62469,3067,0,0,True,False
453,2133,1082,2389,1338,2097,62318,3218,0,0,True,False
454,2252,888,2508,1144,2097,65536,0,0,0,False,True
455,2176,1514,2432,1770,2097,63623,1913,0,0,True,False
456,1186,1935,1442,2191,2097,64522,1014,0,0,True,False
457,3853,1444,4109,1700,2098,65536,0,0,0,False,True
458,3698,1583,3954,1839,2098,64545,991,0,0,True,False
459,2915,1611,3171,1867,2098,62384,3152,0,0,True,False
460,2878,1522,3134,1778,2098,62373,3163,0,0,True,False
461,2415,1373,2671,1629,2098,64645,891,0,0,True,False
462,1627,2355,1883,2611,2098,65536,0,0,0,False,True
463,2084,2082,2340,2338,2098,63437,2099,0,0,True,False
464,3295,1574,3551,1830,2098,62449,3087,0,0,True,False
465,2345,1674,2601,1930,2098,63890,1646,0,0,True,False
466,1265,1143,1521,1399,2098,65425,111,0,0,True,False
467,3269,1696,3525,1952,2098,62447,3089,0,0,True,False
468,2260,1590,2516,1846,2099,63866,1670,0,0,True,False
469,2149,1844,2405,2100,2099,65181,355,0,0,True,False
470,1191,1060,1447,1316,2101,65536,0,0,0,False,True
471,3825,2294,4081,2550,2101,65536,0,0,0,False,True
472,1928,1941,2184,2197,2164,63513,2023,0,0,True,False
473,1764,1294,2020,1550,2164,65061,475,0,0,True,False
474,2105,2128,2361,2384,2164,61669,3867,0,0,True,False
475,1897,1382,2153,1638,2164,65245,291,0,0,True,False
476,1853,1435,2109,1691,2164,64314,1222,0,0,True,False
477,1505,1111,1761,1367,2164,64261,1275,0,0,True,False
478,1900,1423,2156,1679,2164,64535,1001,0,0,True,False
479,3275,1122,3531,1378,2171,62080,3456,0,0,True,False
480,3824,1552,4080,1808,2172,65536,0,0,0,False,True
481,2043,1050,2299,1306,2,64928,0,608,0,False,True
482,1817,1986,2073,2242,2,64568,0,968,0,False,True
483,1637,1656,1893,1912,2,64480,0,1056,0,False,True
484,2159,1007,2415,1263,2,64858,0,678,0,False,True
485,1908,2301,2164,2557,2,65410,0,126,0,False,True
486,2020,2271,2276,2527,17,65536,0,0,0,False,True
487,2941,1059,3197,1315,17,65536,0,0,0,False,True
488,1437,1164,1693,1420,20,65536,0,0,0,False,True
489,2474,1531,2730,1787,20,65536,0,0,0,False,True
490,2258,1921,2514,2177,21,64443,1093,0,0,True,False
491,2097,1162,2353,1418,21,64529,1007,0,0,True,False
492,3116,2459,3372,2715,21,65520,16,0,0,True,False
493,3651,988,3907,1244,21,65536,0,0,0,False,True
494,1322,1218,1578,1474,73,65536,0,0,0,False,True
495,3681,2213,3937,2469,73,65536,0,0,0,False,True
496,2860,1680,3116,1936,74,63916,1620,0,0,True,False
497,2835,1892,3091,2148,74,63228,2308,0,0,True,False
498,1813,1595,2069,1851,74,63062,2474,0,0,True,False
499,2623,1669,2879,1925,74,63004,2532,0,0,True,False
500,2442,1778,2698,2034,74,63072,2464,0,0,True,False
501,3553,1883,3809,2139,74,64530,1006,0,0,True,False
502,1848,1401,2104,1657,74,64338,1198,0,0,True,False
503,2297,972,2553,1228,81,65536,0,0,0,False,True
504,3113,882,3369,1138,81,65536,0,0,0,False,True
505,1397,2007,1653,2263,100,64398,1138,0,0,True,False
506,2448,1932,2704,2188,100,62572,2964,0,0,True,False
507,2972,1688,3228,1944,100,62164,3372,0,0,True,False
508,3000,2307,3256,2563,100,65536,0,0,0,False,True
509,3078,1674,3334,1930,100,62076,3460,0,0,True,False
510,2926,1751,3182,2007,100,62220,3316,0,0,True,False
511,1925,2110,2181,2366,117,65536,0,0,0,False,True
512,1524,846,1780,1102,126,65536,0,0,0,False,True
513,3872,1469,4128,1725,126,65536,0,0,0,False,True
514,2798,2373,3054,2629,127,65496,40,0,0,True,False
515,2189,1681,2445,1937,127,64680,856,0,0,True,False
516,1209,1714,1465,1970,127,64472,1064,0,0,True,False
517,2387,1680,2643,1936,127,63664,1872,0,0,True,False
518,2654,880,2910,1136,127,65536,0,0,0,False,True
519,2338,1646,2594,1902,127,63672,1864,0,0,True,False
520,1593,1932,1849,2188,127,65500,36,0,0,True,False
521,2032,1613,2288,1869,127,64868,668,0,0,True,False
522,1723,1682,1979,1938,171,65536,0,0,0,False,True
523,3845,1762,4101,2018,171,65536,0,0,0,False,True
524,3416,892,3672,1148,173,65536,0,0,0,False,True
525,1666,1792,1922,2048,196,64308,1228,0,0,True,False
526,1741,1436,1997,1692,196,62392,3144,0,0,True,False
527,1410,1949,1666,2205,196,62900,2636,0,0,True,False
528,1271,1820,1527,2076,199,61802,3734,0,0,True,False
529,1313,1943,1569,2199,199,62126,3410,0,0,True,False
530,1568,1780,1824,2036,199,60832,4704,0,0,True,False
531,2603,1198,2859,1454,199,61422,4114,0,0,True,False
532,1921,1783,2177,2039,199,65525,11,0,0,True,False
533,3082,997,3338,1253,199,63856,1680,0,0,True,False
534,2306,1472,2562,1728,199,60596,4940,0,0,True,False
535,2403,1388,2659,1644,199,60606,4930,0,0,True,False
536,3513,1246,3769,1502,236,64864,0,672,0,False,True
537,1307,1985,1563,2241,236,60620,0,4916,0,False,True
538,1996,2229,2252,2485,236,62804,0,2732,0,False,True
539,3004,1792,3260,2048,236,62516,0,3020,0,False,True
540,1167,2084,1423,2340,236,61900,0,3636,0,False,True
541,1598,1695,1854,1951,236,62466,0,3070,0,False,True
542,1943,2060,2199,2316,236,60832,0,4704,0,False,True
543,1283,1993,1539,2249,236,60484,0,5052,0,False,True
544,2170,1159,2426,1415,236,63132,0,2404,0,False,True
545,2488,2095,2744,2351,236,65328,0,208,0,False,True
546,2394,2257,2650,2513,236,63408,0,2128,0,False,True
547,2423,1030,2679,1286,236,65196,0,340,0,False,True
548,2650,1330,2906,1586,237,62340,3196,0,0,True,False
549,2516,2266,2772,2522,237,63356,0,2180,0,False,True
550,2682,1355,2938,1611,237,64024,1512,0,0,True,False
551,2552,2158,2808,2414,237,63892,0,1644,0,False,True
552,3061,1058,3317,1314,237,65132,404,0,0,True,False
553,2466,1468,2722,1724,237,64420,1116,0,0,True,False
554,2338,1521,2594,1777,237,64086,1450,0,0,True,False
555,1934,1871,2190,2127,239,65536,0,0,0,False,True
556,1433,1922,1689,2178,241,65536,0,0,0,False,True
557,3292,1727,3548,1983,247,65536,0,0,0,False,True
558,3905,1889,4161,2145,260,65536,0,0,0,False,True
559,1850,2235,2106,2491,261,64808,0,728,0,False,True
560,1874,1248,2130,1504,261,63200,2336,0,0,True,False
561,3211,1275,3467,1531,261,65281,0,255,0,False,True
562,3630,2335,3886,2591,261,65536,0,0,0,False,True
563,2244,1120,2500,1376,261,64868,0,668,0,False,True
564,1733,1234,1989,1490,261,63724,1812,0,0,True,False
565,1671,1378,1927,1634,261,64280,1256,0,0,True,False
566,1940,1703,2196,1959,261,62080,0,3456,0,False,True
567,1709,2276,1965,2532,261,64928,0,608,0,False,True
568,3539,1087,3795,1343,263,65536,0,0,0,False,True
569,1663,1389,1919,1645,266,65536,0,0,0,False,True
570,2793,1407,3049,1663,266,65536,0,0,0,False,True
571,3068,1988,3324,2244,283,63692,1844,0,0,True,False
572,3246,2005,3502,2261,283,64752,784,0,0,True,False
573,2862,1683,3118,1939,283,61586,3950,0,0,True,False
574,2279,1209,2535,1465,283,59854,5682,0,0,True,False
575,3180,2045,3436,2301,283,65268,268,0,0,True,False
576,3973,1655,4229,1911,284,65536,0,0,0,False,True
577,3286,2417,3542,2673,284,65536,0,0,0,False,True
578,2822,2089,3078,2345,288,64372,0,1164,0,False,True
579,1922,2009,2178,2265,288,62186,0,3350,0,False,True
580,2738,1678,2994,1934,288,65536,0,0,0,False,True
581,1735,2133,1991,2389,288,61698,0,3838,0,False,True
582,2620,1246,2876,1502,288,64520,0,1016,0,False,True
583,1413,1558,1669,1814,289,64238,0,1298,0,False,True
584,2190,2076,2446,2332,289,63172,0,2364,0,False,True
585,2047,2061,2303,2317,289,61857,0,3679,0,False,True
586,2162,1615,2418,1871,289,63186,2350,0,0,True,False
587,1935,2030,2191,2286,289,62918,0,2618,0,False,True
588,2330,1815,2586,2071,289,65506,30,0,0,True,False
589,1233,2079,1489,2335,289,65536,0,0,0,False,True
590,2155,1562,2411,1818,289,63204,2332,0,0,True,False
591,2036,1887,2292,2143,290,62778,2758,0,0,True,False
592,2082,2046,2338,2302,290,64000,1536,0,0,True,False
593,1609,1051,1865,1307,290,62418,3118,0,0,True,False
594,1673,1597,1929,1853,290,64346,1190,0,0,True,False
595,1824,1141,2080,1397,290,65358,178,0,0,True,False
596,1687,1312,1943,1568,290,60868,4668,0,0,True,False
597,2044,1921,2300,2177,291,64748,788,0,0,True,False
598,2761,1709,3017,1965,291,64110,1426,0,0,True,False
599,2402,1235,2658,1491,291,62142,3394,0,0,True,False
600,1746,1579,2002,1835,291,61066,4470,0,0,True,False
601,2996,1242,3252,1498,291,63040,2496,0,0,True,False
602,2725,1740,2981,1996,291,62888,2648,0,0,True,False
603,3723,1720,3979,1976,291,65536,0,0,0,False,True
604,1211,1830,1467,2086,291,65536,0,0,0,False,True
605,2801,1470,3057,1726,291,63472,2064,0,0,True,False
606,3175,1214,3431,1470,291,63246,2290,0,0,True,False
607,1680,1245,1936,1501,291,60934,4602,0,0,True,False
608,3028,1925,3284,2181,291,64880,656,0,0,True,False
609,1544,2168,1800,2424,291,64776,760,0,0,True,False
610,3123,1011,3379,1267,293,65536,0,0,0,False,True
611,2107,1178,2363,1434,294,59086,6450,0,0,True,False
612,2631,1244,2887,1500,294,61650,3886,0,0,True,False
613,2152,1132,2408,1388,294,62380,3156,0,0,True,False
614,2093,1398,2349,1654,294,59680,5856,0,0,True,False
615,3397,1607,3653,1863,294,61609,3927,0,0,True,False
616,2489,1186,2745,1442,294,61696,3840,0,0,True,False
617,2370,2310,2626,2566,294,63268,2268,0,0,True,False
618,3463,1926,3719,2182,295,62914,2622,0,0,True,False
619,3164,1077,3420,1333,295,65350,186,0,0,True,False
620,3832,2257,4088,2513,295,65536,0,0,0,False,True
621,1666,2042,1922,2298,295,62164,3372,0,0,True,False
622,1605,1884,1861,2140,295,62110,3426,0,0,True,False
623,3388,1657,3644,1913,295,65192,344,0,0,True,False
624,3043,1217,3299,1473,303,65536,0,0,0,False,True
625,2728,1801,2984,2057,304,59508,6028,0,0,True,False
626,3998,2037,4254,2293,304,65536,0,0,0,False,True
627,2667,1302,2923,1558,304,59948,5588,0,0,True,False
628,1925,1168,2181,1424,304,65536,0,0,0,False,True
629,2110,1724,2366,1980,305,61172,4364,0,0,True,False
630,2247,1712,2503,1968,305,60620,4916,0,0,True,False
631,1999,2002,2255,2258,314,65536,0,0,0,False,True
632,1904,2226,2160,2482,314,65536,0,0,0,False,True
633,1605,2021,1861,2277,351,62710,0,2826,0,False,True
634,1349,2026,1605,2282,352,62324,3212,0,0,True,False
635,1545,1904,1801,2160,352,60844,4692,0,0,True,False
636,1678,1973,1934,2229,355,65536,0,0,0,False,True
637,2960,2228,3216,2484,355,65536,0,0,0,False,True
638,2440,1070,2696,1326,355,65536,0,0,0,False,True
639,1355,2159,1611,2415,356,63190,2346,0,0,True,False
640,1830,1808,2086,2064,356,65424,112,0,0,True,False
641,1437,1809,1693,2065,356,65536,0,0,0,False,True
642,1534,2024,1790,2280,356,61268,4268,0,0,True,False
643,3517,1202,3773,1458,356,64096,1440,0,0,True,False
644,1487,2222,1743,2478,356,62192,3344,0,0,True,False
645,3319,1165,3575,1421,356,63738,1798,0,0,True,False
646,2081,1776,2337,2032,357,62100,3436,0,0,True,False
647,3438,1424,3694,1680,358,65072,464,0,0,True,False
648,2419,1896,2675,2152,358,60774,4762,0,0,True,False
649,2460,2077,2716,2333,358,65408,128,0,0,True,False
650,1336,2158,1592,2414,585,65376,0,160,0,False,True
651,3536,938,3792,1194,585,65536,0,0,0,False,True
652,2478,2029,2734,2285,585,65536,0,0,0,False,True
653,1595,2049,1851,2305,585,61880,0,3656,0,False,True
654,1870,1869,2126,2125,586,60180,5356,0,0,True,False
655,2336,1253,2592,1509,586,55220,10316,0,0,True,False
656,2330,1329,2586,1585,586,55790,9746,0,0,True,False
657,3574,1228,3830,1484,587,64256,1280,0,0,True,False
658,3197,1776,3453,2032,587,63026,2510,0,0,True,False
659,2912,1763,3168,2019,587,63618,1918,0,0,True,False
660,1685,1370,1941,1626,587,65536,0,0,0,False,True
661,3036,1229,3292,1485,588,60108,5428,0,0,True,False
662,3279,2261,3535,2517,588,65536,0,0,0,False,True
663,3478,2135,3734,2391,592,63795,1741,0,0,True,False
664,1667,2058,1923,2314,597,65536,0,0,0,False,True
665,1380,1926,1636,2182,598,61384,4152,0,0,True,False
666,2434,1806,2690,2062,598,61996,3540,0,0,True,False
667,1990,1792,2246,2048,598,61396,4140,0,0,True,False
668,3295,1907,3551,2163,598,61034,4502,0,0,True,False
669,2891,1982,3147,2238,598,63392,2144,0,0,True,False
670,2080,1802,2336,2058,598,61396,4140,0,0,True,False
671,3322,1326,3578,1582,666,65112,0,424,0,False,True
672,2745,1517,3001,1773,666,65430,0,106,0,False,True
673,2286,2339,2542,2595,666,63220,0,2316,0,False,True
674,3341,1450,3597,1706,666,63024,0,2512,0,False,True
675,2759,2061,3015,2317,666,64096,0,1440,0,False,True
676,3294,1339,3550,1595,666,65492,0,44,0,False,True
677,3566,1387,3822,1643,666,64456,0,1080,0,False,True
678,2015,1139,2271,1395,695,61084,0,4452,0,False,True
679,2094,1171,2350,1427,695,60594,0,4942,0,False,True
680,2001,1948,2257,2204,695,63856,0,1680,0,False,True
681,2604,1777,2860,2033,695,65150,0,386,0,False,True
682,1992,1195,2248,1451,695,61580,0,3956,0,False,True
683,2224,1806,2480,2062,695,59004,0,6532,0,False,True
684,3339,1661,3595,1917,695,62562,0,2974,0,False,True
685,2211,1208,2467,1464,697,65536,0,0,0,False,True
686,2300,1249,2556,1505,744,65156,0,380,0,False,True
687,1309,1813,1565,2069,744,64240,0,1296,0,False,True
688,1836,1914,2092,2170,744,63340,0,2196,0,False,True
689,1723,2093,1979,2349,744,61934,0,3602,0,False,True
690,1809,1610,2065,1866,744,64184,0,1352,0,False,True
691,1779,1909,2035,2165,744,63326,0,2210,0,False,True
692,2072,2041,2328,2297,787,61352,0,4184,0,False,True
693,2187,1999,2443,2255,787,64378,0,1158,0,False,True
694,1895,2047,2151,2303,787,61448,0,4088,0,False,True
695,3492,2001,3748,2257,787,61400,0,4136,0,False,True
696,1771,1081,2027,1337,787,62458,0,3078,0,False,True
697,1121,1700,1377,1956,787,65308,0,228,0,False,True
698,2103,1778,2359,2034,787,65296,0,240,0,False,True
699,2206,2397,2462,2653,787,65484,0,52,0,False,True
700,2027,1937,2283,2193,787,62198,0,3338,0,False,True
701,3475,2248,3731,2504,787,63336,0,2200,0,False,True
702,1681,1253,1937,1509,787,62433,0,3103,0,False,True
703,1506,1827,1762,2083,787,62236,0,3300,0,False,True
704,2341,1695,2597,1951,788,62300,3236,0,0,True,False
705,1274,1183,1530,1439,790,65536,0,0,0,False,True
706,1602,1868,1858,2124,791,63688,1848,0,0,True,False
707,1756,2264,2012,2520,791,64052,0,1484,0,False,True
708,1958,2045,2214,2301,791,63332,2204,0,0,True,False
709,3146,2213,3402,2469,791,62264,3272,0,0,True,False
710,3272,2208,3528,2464,791,63464,2072,0,0,True,False
711,1497,2081,1753,2337,791,64620,916,0,0,True,False
712,2591,2135,2847,2391,791,62258,3278,0,0,True,False
713,3759,2199,4015,2455,791,65536,0,0,0,False,True
714,1495,1956,1751,2212,791,63970,1566,0,0,True,False
715,2735,1424,2991,1680,792,64462,1074,0,0,True,False
716,2340,1231,2596,1487,792,63528,2008,0,0,True,False
717,2853,1438,3109,1694,792,63896,1640,0,0,True,False
718,2690,1488,2946,1744,792,64288,1248,0,0,True,False
719,1884,1663,2140,1919,818,65536,0,0,0,False,True
720,2975,1599,3231,1855,819,63108,2428,0,0,True,False
721,2813,1550,3069,1806,819,65072,464,0,0,True,False
722,3222,1654,3478,1910,819,63116,2420,0,0,True,False
723,2314,1675,2570,1931,819,63774,1762,0,0,True,False
724,3174,1706,3430,1962,819,63060,2476,0,0,True,False
725,2264,1286,2520,1542,855,61904,0,3632,0,False,True
726,2965,1317,3221,1573,855,64562,0,974,0,False,True
727,1649,1780,1905,2036,855,64298,0,1238,0,False,True
728,2735,1110,2991,1366,855,62996,0,2540,0,False,True
729,1391,1999,1647,2255,855,65536,0,0,0,False,True
730,2470,1465,2726,1721,863,62792,0,2744,0,False,True
731,2274,1741,2530,1997,863,63686,0,1850,0,False,True
732,1590,2293,1846,2549,863,64288,0,1248,0,False,True
733,2485,1280,2741,1536,880,63348,0,2188,0,False,True
734,2205,1661,2461,1917,887,65536,0,0,0,False,True
735,1412,2176,1668,2432,887,65536,0,0,0,False,True
736,3064,1410,3320,1666,952,64121,0,1415,0,False,True
737,3315,1587,3571,1843,952,65234,0,302,0,False,True
738,3301,1271,3557,1527,952,64120,0,1416,0,False,True
739,1444,2226,1700,2482,977,61908,0,3628,0,False,True
740,1803,1934,2059,2190,977,61230,0,4306,0,False,True
741,2146,2210,2402,2466,977,61496,0,4040,0,False,True
742,1606,2228,1862,2484,977,62516,0,3020,0,False,True
743,3447,2369,3703,2625,1031,65536,0,0,0,False,True
744,3205,1804,3461,2060,1031,65536,0,0,0,False,True
745,3471,2272,3727,2528,1032,65111,425,0,0,True,False
746,2159,1950,2415,2206,1032,64140,1396,0,0,True,False
747,2693,2130,2949,2386,1032,64248,1288,0,0,True,False
748,2776,2094,3032,2350,1032,64671,865,0,0,True,False
749,2263,1156,2519,1412,1032,65536,0,0,0,False,True
750,1999,1901,2255,2157,1032,64238,1298,0,0,True,False
751,2026,2071,2282,2327,1032,64729,807,0,0,True,False
752,1576,1433,1832,1689,1033,65536,0,0,0,False,True
753,3156,1293,3412,1549,1033,64286,1250,0,0,True,False
754,2564,1937,2820,2193,1039,65536,0,0,0,False,True
755,3652,1085,3908,1341,1089,65536,0,0,0,False,True
756,1986,1281,2242,1537,1090,65285,0,251,0,False,True
757,2003,2063,2259,2319,1090,65536,0,0,0,False,True
758,1625,1702,1881,1958,1091,65536,0,0,0,False,True
759,1123,1064,1379,1320,1091,65536,0,0,0,False,True
760,2824,1931,3080,2187,1091,64989,547,0,0,True,False
761,3237,2186,3493,2442,1092,63565,1971,0,0,True,False
762,3634,1213,3890,1469,1092,65245,291,0,0,True,False
763,3924,1948,4180,2204,1101,65536,0,0,0,False,True
764,2487,1446,2743,1702,1102,65536,0,0,0,False,True
765,2552,2361,2808,2617,1103,64525,1011,0,0,True,False
766,2621,2215,2877,2471,1103,64029,1507,0,0,True,False
767,3926,1088,4182,1344,1103,65536,0,0,0,False,True
768,2484,2004,2740,2260,1198,63471,0,2065,0,False,True
769,1559,2362,1815,2618,1198,65536,0,0,0,False,True
770,3676,2293,3932,2549,1198,65536,0,0,0,False,True
771,2429,2428,2685,2684,1198,65450,0,86,0,False,True
772,2585,1470,2841,1726,1328,65536,0,0,0,False,True
773,2543,1993,2799,2249,1340,65536,0,0,0,False,True
774,3222,1336,3478,1592,1341,61882,3654,0,0,True,False
775,2538,1040,2794,1296,1341,63407,2129,0,0,True,False
776,3442,1508,3698,1764,1341,61628,2540,1368,0,True,False
777,2624,1573,2880,1829,1351,65536,0,0,0,False,True
778,1748,1627,2004,1883,1391,65536,0,0,0,False,True
779,2653,2068,2909,2324,1393,65536,0,0,0,False,True
780,1506,1296,1762,1552,1394,64700,836,0,0,True,False
781,1713,1044,1969,1300,1394,62502,3034,0,0,True,False
782,2788,1461,3044,1717,1405,62154,3382,0,0,True,False
783,2878,1313,3134,1569,1405,64057,1479,0,0,True,False
784,2798,1323,3054,1579,1405,62293,3243,0,0,True,False
785,3134,2032,3390,2288,1405,61931,3605,0,0,True,False
786,3197,2024,3453,2280,1405,61885,3651,0,0,True,False
787,3227,1611,3483,1867,1410,65536,0,0,0,False,True
788,3432,1346,3688,1602,1410,62551,2985,0,0,True,False
789,3589,1183,3845,1439,1410,65452,84,0,0,True,False
790,1470,1265,1726,1521,1411,65536,0,0,0,False,True
791,3161,994,3417,1250,1411,65536,0,0,0,False,True
792,1931,2282,2187,2538,1411,64522,1014,0,0,True,False
793,2251,2317,2507,2573,1411,64386,1150,0,0,True,False
794,2288,1575,2544,1831,1411,64536,1000,0,0,True,False
795,1873,2153,2129,2409,1411,64316,1220,0,0,True,False
796,2017,1731,2273,1987,1411,65536,0,0,0,False,True
797,2228,2303,2484,2559,1411,64124,1412,0,0,True,False
798,1762,2216,2018,2472,1411,65358,178,0,0,True,False
799,1902,1687,2158,1943,1415,65536,0,0,0,False,True
800,2567,1394,2823,1650,1416,64227,1309,0,0,True,False
801,2198,1016,2454,1272,1416,64171,1365,0,0,True,False
802,2727,1706,2983,1962,1416,63539,1997,0,0,True,False
803,3189,2230,3445,2486,1416,64484,1052,0,0,True,False
804,3099,1938,3355,2194,1416,64548,988,0,0,True,False
805,2446,1364,2702,1620,1416,63465,2071,0,0,True,False
806,3082,2221,3338,2477,1416,64919,617,0,0,True,False
807,3207,2056,3463,2312,1416,64828,708,0,0,True,False
808,2561,1668,2817,1924,1495,64993,543,0,0,True,False
809,2447,1268,2703,1524,1495,64140,1396,0,0,True,False
810,1740,1060,1996,1316,1521,65452,0,84,0,False,True
811,1399,1780,1655,2036,1521,65448,0,88,0,False,True
812,1475,1305,1731,1561,1521,63695,0,1841,0,False,True
813,1876,2507,2132,2763,1602,65536,0,0,0,False,True
814,2692,1085,2948,1341,1764,65536,0,0,0,False,True
815,1925,2455,2181,2711,1764,65536,0,0,0,False,True
816,1180,1618,1436,1874,2040,65536,0,0,0,False,True
817,2301,1490,2557,1746,2040,65536,0,0,0,False,True
818,3768,846,4024,1102,2040,65536,0,0,0,False,True
819,3252,2182,3508,2438,2047,63732,1804,0,0,True,False
820,2020,2074,2276,2330,2047,65490,46,0,0,True,False
821,3928,2208,4184,2464,2047,65536,0,0,0,False,True
822,2961,2143,3217,2399,2047,64043,1493,0,0,True,False
823,2550,1896,2806,2152,2047,65474,62,0,0,True,False
824,2397,1922,2653,2178,2047,63894,1642,0,0,True,False
825,3457,1054,3713,1310,2085,64426,0,1110,0,False,True
826,2381,1318,2637,1574,2096,64479,1057,0,0,True,False
827,1478,1911,1734,2167,2097,64642,894,0,0,True,False
828,1551,1853,1807,2109,2097,64967,569,0,0,True,False
829,1623,1868,1879,2124,2097,65328,208,0,0,True,False
830,2388,1206,2644,1462,2098,65195,341,0,0,True,False
831,2408,2013,2664,2269,2098,64410,1126,0,0,True,False
832,2013,2193,2269,2449,2098,64453,1083,0,0,True,False
833,1211,1347,1467,1603,2098,65512,24,0,0,True,False
834,2629,1844,2885,2100,2098,65535,1,0,0,True,False
835,1508,1307,1764,1563,2098,64268,1268,0,0,True,False
836,2569,2335,2825,2591,2099,64737,799,0,0,True,False
837,2232,1351,2488,1607,2099,65426,110,0,0,True,False
838,2354,1878,2610,2134,2099,62902,2634,0,0,True,False
839,2903,1176,3159,1432,2099,65536,0,0,0,False,True
840,3237,2048,3493,2304,2099,65536,0,0,0,False,True
841,1844,2034,2100,2290,2101,65536,0,0,0,False,True
842,1964,1694,2220,1950,2164,62182,3354,0,0,True,False
843,3974,1278,4230,1534,2164,65536,0,0,0,False,True
844,1607,2181,1863,2437,2170,65266,270,0,0,True,False
845,3402,1088,3658,1344,2170,65536,0,0,0,False,True
846,3608,1263,3864,1519,2171,63805,1731,0,0,True,False
847,3202,940,3458,1196,2171,65535,1,0,0,True,False
848,3074,1119,3330,1375,2171,62210,3326,0,0,True,False
849,3739,1199,3995,1455,2171,65442,94,0,0,True,False
850,1448,1840,1704,2096,2172,63613,1923,0,0,True,False
851,1428,1747,1684,2003,2172,64836,700,0,0,True,False
852,1211,1960,1467,2216,2172,65033,503,0,0,True,False
853,2507,2120,2763,2376,2172,65230,306,0,0,True,False
854,2648,2162,2904,2418,2172,65358,178,0,0,True,False
855,1795,1165,2051,1421,2,62774,0,2762,0,False,True
856,1355,1431,1611,1687,2,65368,0,168,0,False,True
857,2366,1246,2622,1502,2,63788,0,1748,0,False,True
858,2154,1395,2410,1651,2,65150,0,386,0,False,True
859,1963,2226,2219,2482,2,63516,0,2020,0,False,True
860,2830,2325,3086,2581,2,65536,0,0,0,False,True
861,1616,2274,1872,2530,2,64856,0,680,0,False,True
862,1787,1308,2043,1564,2,63196,0,2340,0,False,True
863,2192,2180,2448,2436,2,65204,0,332,0,False,True
864,1731,1066,1987,1322,2,64654,0,882,0,False,True
865,2054,2052,2310,2308,2,64652,0,884,0,False,True
866,2760,1665,3016,1921,17,65536,0,0,0,False,True
867,3646,1618,3902,1874,17,65536,0,0,0,False,True
868,1796,2374,2052,2630,20,65536,0,0,0,False,True
869,2241,2351,2497,2607,21,65257,279,0,0,True,False
870,2189,2121,2445,2377,21,64452,1084,0,0,True,False
871,2291,1137,2547,1393,21,64647,889,0,0,True,False
872,2203,1477,2459,1733,21,64451,1085,0,0,True,False
873,1138,2173,1394,2429,25,65536,0,0,0,False,True
874,2946,1451,3202,1707,25,65536,0,0,0,False,True
875,1832,1140,2088,1396,25,65536,0,0,0,False,True
876,1377,1225,1633,1481,27,65536,0,0,0,False,True
877,3587,957,3843,1213,27,65536,0,0,0,False,True
878,2187,844,2443,1100,27,65536,0,0,0,False,True
879,3696,935,3952,1191,27,65536,0,0,0,False,True
880,2692,2196,2948,2452,73,65536,0,0,0,False,True
881,1898,1432,2154,1688,74,63816,1720,0,0,True,False
882,3461,2008,3717,2264,74,63606,1930,0,0,True,False
883,3534,2047,3790,2303,74,64316,1220,0,0,True,False
884,2882,1834,3138,2090,74,63008,2528,0,0,True,False
885,2477,1816,2733,2072,74,63994,1542,0,0,True,False
886,2766,1256,3022,1512,81,65536,0,0,0,False,True
887,3135,857,3391,1113,96,65536,0,0,0,False,True
888,3068,948,3324,1204,99,65536,0,0,0,False,True
889,3480,1532,3736,1788,99,65536,0,0,0,False,True
890,1462,2004,1718,2260,100,63572,1964,0,0,True,False
891,3089,1031,3345,1287,100,65536,0,0,0,False,True
892,2593,1818,2849,2074,100,61908,3628,0,0,True,False
893,2663,1702,2919,1958,100,61956,3580,0,0,True,False
894,2298,1712,2554,1968,100,65040,496,0,0,True,False
895,3202,1693,3458,1949,100,62024,3512,0,0,True,False
896,1810,2073,2066,2329,100,61904,3632,0,0,True,False
897,2237,1794,2493,2050,100,62186,3350,0,0,True,False
898,1643,2151,1899,2407,100,61879,3657,0,0,True,False
899,2900,1570,3156,1826,100,64936,600,0,0,True,False
900,3111,2345,3367,2601,127,63662,1874,0,0,True,False
901,2824,1069,3080,1325,127,65536,0,0,0,False,True
902,1390,1844,1646,2100,127,63136,2400,0,0,True,False
903,3780,2402,4036,2658,127,65536,0,0,0,False,True
904,2163,1546,2419,1802,127,64904,632,0,0,True,False
905,3093,2358,3349,2614,127,63684,1852,0,0,True,False
906,1794,1787,2050,2043,127,63048,2488,0,0,True,False
907,2537,1450,2793,1706,127,65240,296,0,0,True,False
908,2988,2413,3244,2669,127,65434,102,0,0,True,False
909,2909,2257,3165,2513,127,64690,846,0,0,True,False
910,1787,1650,2043,1906,171,65536,0,0,0,False,True
911,1528,1711,1784,1967,173,65536,0,0,0,False,True
912,3245,1795,3501,2051,175,65536,0,0,0,False,True
913,3353,1737,3609,1993,175,65536,0,0,0,False,True
914,3967,1858,4223,2114,187,65536,0,0,0,False,True
915,3723,1694,3979,1950,195,65536,0,0,0,False,True
916,3150,2021,3406,2277,195,65536,0,0,0,False,True
917,1410,1903,1666,2159,196,61788,3748,0,0,True,False
918,1735,1440,1991,1696,196,62380,3156,0,0,True,False
919,2045,1425,2301,1681,196,61986,3550,0,0,True,False
920,1344,1980,1600,2236,196,62152,3384,0,0,True,False
921,2021,1509,2277,1765,196,63656,1880,0,0,True,False
922,2275,2379,2531,2635,196,65536,0,0,0,False,True
923,1556,1528,1812,1784,196,63784,1752,0,0,True,False
924,1886,1294,2142,1550,196,63432,2104,0,0,True,False
925,1294,1924,1550,2180,196,59792,5744,0,0,True,False
926,1123,1811,1379,2067,196,64935,601,0,0,True,False
927,3538,2057,3794,2313,199,65536,0,0,0,False,True
928,2278,1377,2534,1633,199,60608,4928,0,0,True,False
929,3066,958,3322,1214,199,65352,184,0,0,True,False
930,1201,1927,1457,2183,199,63100,2436,0,0,True,False
931,3120,995,3376,1251,199,64092,1444,0,0,True,False
932,1692,1818,1948,2074,199,62852,2684,0,0,True,False
933,1465,1718,1721,1974,199,60810,4726,0,0,True,False
934,2957,1090,3213,1346,199,60964,4572,0,0,True,False
935,1936,1729,2192,1985,199,63640,1896,0,0,True,False
936,2851,1152,3107,1408,199,60702,4834,0,0,True,False
937,1516,2186,1772,2442,236,62692,0,2844,0,False,True
938,3180,1843,3436,2099,236,64374,0,1162,0,False,True
939,1267,1784,1523,2040,236,63780,0,1756,0,False,True
940,2591,1540,2847,1796,236,63660,0,1876,0,False,True
941,1806,1807,2062,2063,236,62710,0,2826,0,False,True
942,2528,1242,2784,1498,236,60760,0,4776,0,False,True
943,1639,1903,1895,2159,236,60957,0,4579,0,False,True
944,2548,1448,2804,1704,236,63108,0,2428,0,False,True
945,1884,1919,2140,2175,236,61980,0,3556,0,False,True
946,1526,1590,1782,1846,236,63596,0,1940,0,False,True
947,2130,2002,2386,2258,236,62872,0,2664,0,False,True
948,3015,1740,3271,1996,236,63428,0,2108,0,False,True
949,2667,1535,2923,1791,236,62428,0,3108,0,False,True
950,2506,1362,2762,1618,236,61212,0,4324,0,False,True
951,1825,1921,2081,2177,236,61087,0,4449,0,False,True
952,2377,2300,2633,2556,236,63536,0,2000,0,False,True
953,1554,1780,1810,2036,236,60816,0,4720,0,False,True
954,3048,1914,3304,2170,236,62092,0,3444,0,False,True
955,1583,2328,1839,2584,236,65112,0,424,0,False,True
956,1344,1725,1600,1981,236,61876,0,3660,0,False,True
957,1600,1685,1856,1941,236,62598,0,2938,0,False,True
958,2536,1094,2792,1350,236,64192,0,1344,0,False,True
959,3235,2421,3491,2677,236,65536,0,0,0,False,True
960,1668,1825,1924,2081,236,61004,0,4532,0,False,True
961,2503,1194,2759,1450,237,61768,3768,0,0,True,False
962,2075,2165,2331,2421,237,63784,0,1752,0,False,True
963,2568,1402,2824,1658,237,63640,1896,0,0,True,False
964,2980,1208,3236,1464,237,63844,1692,0,0,True,False
965,2566,2172,2822,2428,237,64088,0,1448,0,False,True
966,1443,1858,1699,2114,237,61320,4216,0,0,True,False
967,2328,1560,2584,1816,237,65508,28,0,0,True,False
968,2145,2184,2401,2440,237,64432,0,1104,0,False,True
969,2744,1127,3000,1383,237,60620,4916,0,0,True,False
970,1824,2191,2080,2447,237,63760,0,1776,0,False,True
971,2185,2280,2441,2536,237,64792,0,744,0,False,True
972,1212,1827,1468,2083,237,63712,1824,0,0,True,False
973,2420,1310,2676,1566,237,60604,4932,0,0,True,False
974,2761,1270,3017,1526,237,62004,3532,0,0,True,False
975,1715,2333,1971,2589,237,64918,0,618,0,False,True
976,1122,1921,1378,2177,237,65308,228,0,0,True,False
977,2888,2527,3144,2783,241,65536,0,0,0,False,True
978,2702,1798,2958,2054,247,65536,0,0,0,False,True
979,3023,2071,3279,2327,247,65536,0,0,0,False,True
980,3468,1323,3724,1579,260,65536,0,0,0,False,True
981,2502,1621,2758,1877,260,65536,0,0,0,False,True
982,2419,1385,2675,1641,261,63492,872,1172,0,True,False
983,2441,1042,2697,1298,261,64204,0,1332,0,False,True
984,1955,1175,2211,1431,261,65379,157,0,0,True,False
985,2150,1599,2406,1855,261,60646,0,4890,0,False,True
986,1942,1213,2198,1469,261,63294,2242,0,0,True,False
987,1655,1260,1911,1516,261,64414,1122,0,0,True,False
988,2085,1166,2341,1422,261,65536,0,0,0,False,True
989,1765,1321,2021,1577,261,63408,2128,0,0,True,False
990,1832,1959,2088,2215,261,62466,0,3070,0,False,True
991,2245,1240,2501,1496,261,63108,258,2170,0,True,False
992,2352,1020,2608,1276,261,64480,0,1056,0,False,True
993,3423,2215,3679,2471,263,65536,0,0,0,False,True
994,2689,2039,2945,2295,263,65536,0,0,0,False,True
995,2330,1245,2586,1501,282,65536,0,0,0,False,True
996,3142,1931,3398,2187,283,63084,2452,0,0,True,False
997,3013,1798,3269,2054,283,61450,4086,0,0,True,False
998,2441,1234,2697,1490,283,61936,3600,0,0,True,False
999,2295,1158,2551,1414,283,61244,4292,0,0,True,False
1000,2865,1941,3121,2197,283,65270,266,0,0,True,False
1001,1977,1168,2233,1424,283,61802,3734,0,0,True,False
1002,2781,1762,3037,2018,283,62130,3406,0,0,True,False
1003,3763,2098,4019,2354,284,65536,0,0,0,False,True
1004,2407,1267,2663,1523,284,65536,0,0,0,False,True
1005,1429,2057,1685,2313,284,64054,1482,0,0,True,False
1006,2105,1977,2361,2233,288,64166,0,1370,0,False,True
1007,2455,1740,2711,1996,288,64714,0,822,0,False,True
1008,2324,1555,2580,1811,288,63176,0,2360,0,False,True
1009,3210,1678,3466,1934,288,64468,0,1068,0,False,True
1010,2383,2268,2639,2524,288,63330,0,2206,0,False,True
1011,2210,2181,2466,2437,288,62468,0,3068,0,False,True
1012,2588,1269,2844,1525,288,64336,0,1200,0,False,True
1013,2007,2152,2263,2408,288,63066,0,2470,0,False,True
1014,1820,2289,2076,2545,288,63704,0,1832,0,False,True
1015,2682,2264,2938,2520,288,65216,0,320,0,False,True
1016,1906,1187,2162,1443,288,64028,0,1508,0,False,True
1017,2087,1750,2343,2006,288,63988,0,1548,0,False,True
1018,3328,1639,3584,1895,289,65510,0,26,0,False,True
1019,3158,1045,3414,1301,289,64348,0,1188,0,False,True
1020,1783,1809,2039,2065,289,62086,0,3450,0,False,True
1021,1550,1530,1806,1786,289,61812,0,3724,0,False,True
1022,3111,1976,3367,2232,289,64612,924,0,0,True,False
1023,3083,1330,3339,1586,289,64202,0,1334,0,False,True
1024,2759,1935,3015,2191,289,62334,3202,0,0,True,False
1025,1852,1781,2108,2037,289,62750,0,2786,0,False,True
1026,2029,1550,2285,1806,289,65286,250,0,0,True,False
1027,2985,1931,3241,2187,289,62476,3060,0,0,True,False
1028,2058,1358,2314,1614,289,65480,56,0,0,True,False
1029,1321,1312,1577,1568,289,65190,0,346,0,False,True
1030,2649,1667,2905,1923,289,63414,2122,0,0,True,False
1031,1610,927,1866,1183,290,64630,906,0,0,True,False
1032,1633,1398,1889,1654,290,62652,2884,0,0,True,False
1033,1948,2008,2204,2264,290,61148,4388,0,0,True,False
1034,2387,1306,2643,1562,291,63558,1978,0,0,True,False
1035,1531,1021,1787,1277,291,65472,64,0,0,True,False
1036,1813,1396,2069,1652,291,60976,4560,0,0,True,False
1037,2167,1090,2423,1346,291,64094,1442,0,0,True,False
1038,2978,1298,3234,1554,291,63028,2508,0,0,True,False
1039,1680,2190,1936,2446,291,64980,556,0,0,True,False
1040,2475,1397,2731,1653,291,63840,1696,0,0,True,False
1041,3322,1173,3578,1429,291,64644,892,0,0,True,False
1042,1701,955,1957,1211,291,64952,584,0,0,True,False
1043,2789,1442,3045,1698,291,63132,2404,0,0,True,False
1044,1567,2173,1823,2429,291,64820,716,0,0,True,False
1045,2638,1632,2894,1888,291,65528,8,0,0,True,False
1046,1624,1881,1880,2137,291,63626,1910,0,0,True,False
1047,1765,1691,2021,1947,291,61005,4531,0,0,True,False
1048,1867,1336,2123,1592,291,62332,3204,0,0,True,False
1049,3204,1178,3460,1434,291,63528,2008,0,0,True,False
1050,1729,1382,1985,1638,291,60976,4560,0,0,True,False
1051,3065,1817,3321,2073,291,65258,278,0,0,True,False
1052,3187,2029,3443,2285,293,65536,0,0,0,False,True
1053,3873,1740,4129,1996,294,65536,0,0,0,False,True
1054,3162,1385,3418,1641,294,64462,1074,0,0,True,False
1055,2201,2188,2457,2444,294,61026,4510,0,0,True,False
1056,2312,1058,2568,1314,294,61688,3848,0,0,True,False
1057,3419,1598,3675,1854,294,62098,3438,0,0,True,False
1058,2458,2359,2714,2615,294,64978,558,0,0,True,False
1059,2294,1064,2550,1320,294,61744,3792,0,0,True,False
1060,3148,1450,3404,1706,294,62248,3288,0,0,True,False
1061,2313,2029,2569,2285,294,59474,6062,0,0,True,False
1062,2963,1341,3219,1597,294,62456,3080,0,0,True,False
1063,2330,2023,2586,2279,295,63944,1592,0,0,True,False
1064,2881,1209,3137,1465,295,63124,2412,0,0,True,False
1065,3053,2398,3309,2654,295,65186,350,0,0,True,False
1066,1747,2057,2003,2313,295,61864,3672,0,0,True,False
1067,3520,1576,3776,1832,295,64980,556,0,0,True,False
1068,2509,2109,2765,2365,295,63622,1914,0,0,True,False
1069,3199,2216,3455,2472,295,64314,1222,0,0,True,False
1070,3375,1971,3631,2227,295,62208,3328,0,0,True,False
1071,3116,1389,3372,1645,295,63634,1902,0,0,True,False
1072,3018,1236,3274,1492,295,61448,4088,0,0,True,False
1073,2879,2322,3135,2578,295,63686,1850,0,0,True,False
1074,2842,2234,3098,2490,295,64356,1180,0,0,True,False
1075,2751,1671,3007,1927,303,65536,0,0,0,False,True
1076,2038,975,2294,1231,303,65536,0,0,0,False,True
1077,2816,1833,3072,2089,304,59542,5994,0,0,True,False
1078,2268,1396,2524,1652,305,60016,5520,0,0,True,False
1079,2150,1236,2406,1492,305,60008,5528,0,0,True,False
1080,2011,1165,2267,1421,305,62354,3182,0,0,True,False
1081,1389,2308,1645,2564,351,65536,0,0,0,False,True
1082,1802,2217,2058,2473,351,65422,0,114,0,False,True
1083,1623,2284,1879,2540,351,64168,0,1368,0,False,True
1084,2053,1388,2309,1644,351,65536,0,0,0,False,True
1085,1883,1076,2139,1332,351,65536,0,0,0,False,True
1086,3355,1541,3611,1797,352,65481,55,0,0,True,False
1087,1215,2052,1471,2308,352,65470,66,0,0,True,False
1088,3146,1522,3402,1778,352,62508,3028,0,0,True,False
1089,1809,1897,2065,2153,352,65122,414,0,0,True,False
1090,1818,1580,2074,1836,352,63352,2184,0,0,True,False
1091,1225,2214,1481,2470,352,65254,282,0,0,True,False
1092,3113,1668,3369,1924,352,64836,700,0,0,True,False
1093,1706,1814,1962,2070,352,61420,4116,0,0,True,False
1094,1834,1614,2090,1870,352,62704,2832,0,0,True,False
1095,1388,1888,1644,2144,352,64452,1084,0,0,True,False
1096,2106,2019,2362,2275,356,60290,5246,0,0,True,False
1097,2544,1661,2800,1917,356,61886,3650,0,0,True,False
1098,2479,1898,2735,2154,356,61668,3868,0,0,True,False
1099,1378,2221,1634,2477,356,62700,2836,0,0,True,False
1100,2542,1936,2798,2192,356,64168,1368,0,0,True,False
1101,3532,1132,3788,1388,356,64324,1212,0,0,True,False
1102,2581,1760,2837,2016,356,60064,5472,0,0,True,False
1103,2300,2089,2556,2345,356,63570,1966,0,0,True,False
1104,2542,1599,2798,1855,356,63750,1786,0,0,True,False
1105,2163,1917,2419,2173,357,64224,1312,0,0,True,False
1106,3067,1937,3323,2193,357,65536,0,0,0,False,True
1107,1658,1196,1914,1452,358,65536,0,0,0,False,True
1108,3401,1433,3657,1689,358,64782,754,0,0,True,False
1109,2928,1330,3184,1586,358,65524,12,0,0,True,False
1110,2501,1812,2757,2068,358,60856,4680,0,0,True,False
1111,2946,1604,3202,1860,358,62464,3072,0,0,True,False
1112,2514,1945,2770,2201,358,63126,2410,0,0,True,False
1113,3060,1517,3316,1773,358,62334,3202,0,0,True,False
1114,2816,1518,3072,1774,358,62944,2592,0,0,True,False
1115,2872,1590,3128,1846,358,61784,3752,0,0,True,False
1116,1583,1689,1839,1945,585,64876,0,660,0,False,True
1117,1692,2044,1948,2300,586,59344,6192,0,0,True,False
1118,1484,2103,1740,2359,586,62036,3500,0,0,True,False
1119,1626,1860,1882,2116,586,64724,812,0,0,True,False
1120,1823,1893,2079,2149,586,59799,5737,0,0,True,False
1121,2424,1154,2680,1410,586,56084,9452,0,0,True,False
1122,1796,1201,2052,1457,586,65536,0,0,0,False,True
1123,3001,1807,3257,2063,587,60676,4860,0,0,True,False
1124,2597,1794,2853,2050,587,65536,0,0,0,False,True
1125,1523,1374,1779,1630,587,63368,0,2168,0,False,True
1126,3041,1699,3297,1955,587,62132,3404,0,0,True,False
1127,1486,1152,1742,1408,587,64980,0,556,0,False,True
1128,2581,2194,2837,2450,587,63274,2262,0,0,True,False
1129,3396,1274,3652,1530,587,62596,2940,0,0,True,False
1130,3457,1428,3713,1684,587,62938,2598,0,0,True,False
1131,2960,1281,3216,1537,588,60060,5476,0,0,True,False
1132,2922,1222,3178,1478,588,60100,5436,0,0,True,False
1133,3024,1505,3280,1761,588,60000,5536,0,0,True,False
1134,3150,1728,3406,1984,588,60068,5468,0,0,True,False
1135,2851,2390,3107,2646,591,65536,0,0,0,False,True
1136,2130,2106,2386,2362,591,65536,0,0,0,False,True
1137,2703,2408,2959,2664,592,65526,10,0,0,True,False
1138,3003,2338,3259,2594,592,63413,2123,0,0,True,False
1139,3143,2278,3399,2534,592,63452,2084,0,0,True,False
1140,2648,2331,2904,2587,592,63840,1696,0,0,True,False
1141,1681,1314,1937,1570,592,65536,0,0,0,False,True
1142,1281,1502,1537,1758,598,65536,0,0,0,False,True
1143,2267,1916,2523,2172,598,61356,4180,0,0,True,False
1144,3090,1926,3346,2182,598,61392,4144,0,0,True,False
1145,2925,1976,3181,2232,598,62438,3098,0,0,True,False
1146,1704,1804,1960,2060,598,61420,4116,0,0,True,False
1147,1869,1839,2125,2095,598,61388,4148,0,0,True,False
1148,3514,1735,3770,1991,598,63228,2308,0,0,True,False
1149,1752,1024,2008,1280,598,65536,0,0,0,False,True
1150,2058,1770,2314,2026,598,61396,4140,0,0,True,False
1151,1332,2008,1588,2264,598,61460,4076,0,0,True,False
1152,2043,1951,2299,2207,598,61388,4148,0,0,True,False
1153,2314,2125,2570,2381,666,64448,0,1088,0,False,True
1154,3532,1451,3788,1707,666,63970,0,1566,0,False,True
1155,3474,1688,3730,1944,666,65496,0,40,0,False,True
1156,2827,1960,3083,2216,666,63252,0,2284,0,False,True
1157,2712,1576,2968,1832,666,64880,0,656,0,False,True
1158,3573,1596,3829,1852,666,65376,0,160,0,False,True
1159,3573,1838,3829,2094,672,65536,0,0,0,False,True
1160,3230,1274,3486,1530,695,64476,0,1060,0,False,True
1161,3181,1970,3437,2226,695,62672,0,2864,0,False,True
1162,2819,2014,3075,2270,695,64574,0,962,0,False,True
1163,2241,1671,2497,1927,695,60308,0,5228,0,False,True
1164,2366,937,2622,1193,695,64934,0,602,0,False,True
1165,2203,836,2459,1092,695,65536,0,0,0,False,True
1166,2386,1556,2642,1812,695,64524,0,1012,0,False,True
1167,2127,1834,2383,2090,695,62432,0,3104,0,False,True
1168,2156,1211,2412,1467,695,60068,0,5468,0,False,True
1169,2667,2079,2923,2335,695,61974,0,3562,0,False,True
1170,2323,1798,2579,2054,695,59016,0,6520,0,False,True
1171,1650,1245,1906,1501,695,62100,0,3436,0,False,True
1172,2467,1801,2723,2057,695,62636,0,2900,0,False,True
1173,2235,2102,2491,2358,697,65536,0,0,0,False,True
1174,2390,1575,2646,1831,744,65312,0,224,0,False,True
1175,1719,1485,1975,1741,744,65340,0,196,0,False,True
1176,1745,2049,2001,2305,744,63133,0,2403,0,False,True
1177,1852,1956,2108,2212,744,63400,0,2136,0,False,True
1178,2116,1705,2372,1961,744,65458,0,78,0,False,True
1179,1777,1849,2033,2105,744,63252,0,2284,0,False,True
1180,2237,2359,2493,2615,744,65316,0,220,0,False,True
1181,2122,1664,2378,1920,744,64836,0,700,0,False,True
1182,2280,2340,2536,2596,744,65124,0,412,0,False,True
1183,1324,2092,1580,2348,744,64156,0,1380,0,False,True
1184,2222,1714,2478,1970,744,62932,0,2604,0,False,True
1185,1708,2255,1964,2511,787,63972,0,1564,0,False,True
1186,2280,2183,2536,2439,787,63244,0,2292,0,False,True
1187,1579,2264,1835,2520,787,64080,0,1456,0,False,True
1188,1969,1933,2225,2189,787,60494,0,5042,0,False,True
1189,3301,2423,3557,2679,787,65437,0,99,0,False,True
1190,2278,1339,2534,1595,787,63558,0,1978,0,False,True
1191,1848,1992,2104,2248,787,61056,0,4480,0,False,True
1192,1406,1762,1662,2018,787,62768,0,2768,0,False,True
1193,2237,1399,2493,1655,787,63724,0,1812,0,False,True
1194,2058,2004,2314,2260,787,61856,0,3680,0,False,True
1195,1207,1722,1463,1978,787,64064,0,1472,0,False,True
1196,1353,1788,1609,2044,787,60900,0,4636,0,False,True
1197,2042,1231,2298,1487,787,62680,0,2856,0,False,True
1198,1130,2012,1386,2268,787,65244,0,292,0,False,True
1199,2328,1785,2584,2041,788,62292,3244,0,0,True,False
1200,1854,1697,2110,1953,788,62056,3480,0,0,True,False
1201,1976,1802,2232,2058,788,62284,3252,0,0,True,False
1202,2447,1889,2703,2145,788,65503,33,0,0,True,False
1203,2520,2062,2776,2318,790,65536,0,0,0,False,True
1204,2649,956,2905,1212,791,65536,0,0,0,False,True
1205,3442,1396,3698,1652,791,63744,0,1792,0,False,True
1206,3096,2347,3352,2603,791,64608,928,0,0,True,False
1207,3554,1313,3810,1569,791,64112,0,1424,0,False,True
1208,2790,2205,3046,2461,791,62240,3296,0,0,True,False
1209,3120,2285,3376,2541,791,62276,3260,0,0,True,False
1210,1515,2092,1771,2348,791,65036,500,0,0,True,False
1211,1245,2297,1501,2553,791,65536,0,0,0,False,True
1212,3298,2181,3554,2437,791,63780,1756,0,0,True,False
1213,1941,1206,2197,1462,791,65536,0,0,0,False,True
1214,3619,1358,3875,1614,791,65048,0,488,0,False,True
1215,2035,1405,2291,1661,792,64794,742,0,0,True,False
1216,1215,2274,1471,2530,792,65536,0,0,0,False,True
1217,2331,1355,2587,1611,792,63384,2152,0,0,True,False
1218,3890,1244,4146,1500,818,65536,0,0,0,False,True
1219,1738,1633,1994,1889,818,65536,0,0,0,False,True
1220,3126,1726,3382,1982,819,63080,2456,0,0,True,False
1221,3674,2038,3930,2294,819,65536,0,0,0,False,True
1222,2609,1830,2865,2086,819,63088,2448,0,0,True,False
1223,3001,1759,3257,2015,819,63129,2407,0,0,True,False
1224,2127,1868,2383,2124,819,65146,390,0,0,True,False
1225,1332,1520,1588,1776,836,65536,0,0,0,False,True
1226,3566,2322,3822,2578,855,65536,0,0,0,False,True
1227,2619,1088,2875,1344,855,64232,0,1304,0,False,True
1228,1696,1106,1952,1362,855,64848,0,688,0,False,True
1229,2412,1242,2668,1498,855,63088,0,2448,0,False,True
1230,1558,1768,1814,2024,855,62700,0,2836,0,False,True
1231,1553,1933,1809,2189,855,64080,0,1456,0,False,True
1232,1698,1011,1954,1267,855,64828,0,708,0,False,True
1233,1774,1171,2030,1427,855,64558,0,978,0,False,True
1234,3613,1277,3869,1533,855,65536,0,0,0,False,True
1235,2665,1299,2921,1555,855,65158,0,378,0,False,True
1236,1892,945,2148,1201,855,64284,0,1252,0,False,True
1237,1411,1413,1667,1669,855,65452,0,84,0,False,True
1238,1615,2062,1871,2318,863,65298,0,238,0,False,True
1239,2378,1394,2634,1650,863,62996,0,2540,0,False,True
1240,1752,2189,2008,2445,863,64328,0,1208,0,False,True
1241,2413,1532,2669,1788,863,63052,0,2484,0,False,True
1242,1435,2157,1691,2413,863,64166,0,1370,0,False,True
1243,2059,2125,2315,2381,863,65032,0,504,0,False,True
1244,2855,880,3111,1136,863,65536,0,0,0,False,True
1245,2499,1283,2755,1539,880,63342,0,2194,0,False,True
1246,2386,1331,2642,1587,880,63334,0,2202,0,False,True
1247,2417,1062,2673,1318,880,64144,0,1392,0,False,True
1248,1384,2074,1640,2330,880,65536,0,0,0,False,True
1249,1943,2292,2199,2548,880,65536,0,0,0,False,True
1250,3691,1871,3947,2127,887,65536,0,0,0,False,True
1251,3090,1324,3346,1580,952,64469,0,1067,0,False,True
1252,3880,2215,4136,2471,952,65536,0,0,0,False,True
1253,2939,1750,3195,2006,952,64866,0,670,0,False,True
1254,3410,1276,3666,1532,952,63926,0,1610,0,False,True
1255,3690,1247,3946,1503,952,65399,0,137,0,False,True
1256,2528,1979,2784,2235,954,65536,0,0,0,False,True
1257,1771,1699,2027,1955,954,65528,0,8,0,False,True
1258,1797,1732,2053,1988,954,65326,0,210,0,False,True
1259,1831,2150,2087,2406,977,64448,0,1088,0,False,True
1260,1875,2212,2131,2468,977,65442,0,94,0,False,True
1261,2099,2008,2355,2264,977,63460,0,2076,0,False,True
1262,1211,2181,1467,2437,977,64566,0,970,0,False,True
1263,1897,2202,2153,2458,977,64854,0,682,0,False,True
1264,3068,1354,3324,1610,977,65536,0,0,0,False,True
1265,1456,2180,1712,2436,977,61464,0,4072,0,False,True
1266,1284,1816,1540,2072,977,63572,0,1964,0,False,True
1267,1603,2130,1859,2386,1031,64468,0,1068,0,False,True
1268,1629,2032,1885,2288,1031,64892,0,644,0,False,True
1269,1459,1991,1715,2247,1031,65205,0,331,0,False,True
1270,1596,2182,1852,2438,1032,65149,387,0,0,True,False
1271,2887,2264,3143,2520,1032,65239,297,0,0,True,False
1272,2172,2128,2428,2384,1032,65181,355,0,0,True,False
1273,1467,2105,1723,2361,1032,64589,947,0,0,True,False
1274,2967,867,3223,1123,1032,65536,0,0,0,False,True
1275,1577,1918,1833,2174,1032,65401,135,0,0,True,False
1276,2272,2407,2528,2663,1032,65536,0,0,0,False,True
1277,1902,1773,2158,2029,1032,65490,46,0,0,True,False
1278,2619,2186,2875,2442,1032,64226,1310,0,0,True,False
1279,1277,1433,1533,1689,1033,65536,0,0,0,False,True
1280,3685,2385,3941,2641,1033,65536,0,0,0,False,True
1281,3109,1190,3365,1446,1033,64324,1212,0,0,True,False
1282,2636,1810,2892,2066,1037,65536,0,0,0,False,True
1283,1598,932,1854,1188,1039,65536,0,0,0,False,True
1284,2709,1530,2965,1786,1039,65536,0,0,0,False,True
1285,3407,1862,3663,2118,1089,65536,0,0,0,False,True
1286,2188,2143,2444,2399,1090,65536,0,0,0,False,True
1287,2518,977,2774,1233,1090,64981,555,0,0,True,False
1288,1560,1017,1816,1273,1090,65115,0,421,0,False,True
1289,2302,1106,2558,1362,1090,64653,883,0,0,True,False
1290,1668,986,1924,1242,1090,64631,0,905,0,False,True
1291,2392,1145,2648,1401,1090,64092,1444,0,0,True,False
1292,2974,1931,3230,2187,1091,63497,2039,0,0,True,False
1293,2657,2368,2913,2624,1091,64856,680,0,0,True,False
1294,3612,1565,3868,1821,1091,64653,883,0,0,True,False
1295,3426,1736,3682,1992,1091,63847,1689,0,0,True,False
1296,3549,1500,3805,1756,1091,64482,1054,0,0,True,False
1297,3636,1503,3892,1759,1091,64838,698,0,0,True,False
1298,3363,1719,3619,1975,1091,63194,2342,0,0,True,False
1299,3018,1214,3274,1470,1092,64509,1027,0,0,True,False
1300,3275,1316,3531,1572,1092,64141,1395,0,0,True,False
1301,3194,1670,3450,1926,1092,65536,0,0,0,False,True
1302,3614,2153,3870,2409,1092,64811,725,0,0,True,False
1303,3160,2390,3416,2646,1092,64537,999,0,0,True,False
1304,3180,2164,3436,2420,1092,64366,1170,0,0,True,False
1305,2740,1647,2996,1903,1092,65432,104,0,0,True,False
1306,3511,2469,3767,2725,1102,65536,0,0,0,False,True
1307,2078,1142,2334,1398,1102,63763,1773,0,0,True,False
1308,2521,2238,2777,2494,1103,64744,792,0,0,True,False
1309,1314,855,1570,1111,1103,65536,0,0,0,False,True
1310,3444,2107,3700,2363,1198,64072,0,1464,0,False,True
1311,2543,982,2799,1238,1198,65536,0,0,0,False,True
1312,3704,2450,3960,2706,1198,65536,0,0,0,False,True
1313,2479,2374,2735,2630,1198,64929,0,607,0,False,True
1314,2559,1571,2815,1827,1198,65056,0,480,0,False,True
1315,3329,2038,3585,2294,1241,65536,0,0,0,False,True
1316,3687,2505,3943,2761,1328,65536,0,0,0,False,True
1317,3057,2075,3313,2331,1340,65536,0,0,0,False,True
1318,3782,1790,4038,2046,1340,65536,0,0,0,False,True
1319,2138,1807,2394,2063,1340,65536,0,0,0,False,True
1320,2294,1021,2550,1277,1340,65536,0,0,0,False,True
1321,2672,1160,2928,1416,1341,62021,3515,0,0,True,False
1322,3406,1247,3662,1503,1341,65106,430,0,0,True,False
1323,2603,1138,2859,1394,1341,62456,3080,0,0,True,False
1324,2942,1111,3198,1367,1341,62826,2710,0,0,True,False
1325,2437,1031,2693,1287,1341,64871,665,0,0,True,False
1326,2572,1138,2828,1394,1341,62906,2630,0,0,True,False
1327,3221,1519,3477,1775,1341,65489,47,0,0,True,False
1328,2366,842,2622,1098,1341,65536,0,0,0,False,True
1329,3089,1349,3345,1605,1341,61940,3596,0,0,True,False
1330,3227,2268,3483,2524,1391,65536,0,0,0,False,True
1331,1762,1217,2018,1473,1391,65536,0,0,0,False,True
1332,2653,2096,2909,2352,1393,65536,0,0,0,False,True
1333,3095,1680,3351,1936,1394,65536,0,0,0,False,True
1334,3083,951,3339,1207,1394,65536,0,0,0,False,True
1335,1691,1024,1947,1280,1394,62200,3336,0,0,True,False
1336,3861,2175,4117,2431,1394,65536,0,0,0,False,True
1337,3108,1925,3364,2181,1405,61858,3678,0,0,True,False
1338,2594,889,2850,1145,1405,65492,44,0,0,True,False
1339,3259,2342,3515,2598,1405,65164,372,0,0,True,False
1340,3232,2089,3488,2345,1405,61898,3638,0,0,True,False
1341,2045,1774,2301,2030,1409,65536,0,0,0,False,True
1342,3726,1267,3982,1523,1410,65470,66,0,0,True,False
1343,3705,1413,3961,1669,1410,65240,296,0,0,True,False
1344,2701,1223,2957,1479,1410,64524,1012,0,0,True,False
1345,3632,1265,3888,1521,1410,64418,1118,0,0,True,False
1346,2676,1026,2932,1282,1410,62555,2981,0,0,True,False
1347,3569,1178,3825,1434,1410,65456,80,0,0,True,False
1348,2946,1125,3202,1381,1410,62586,2950,0,0,True,False
1349,3399,1232,3655,1488,1410,62605,2931,0,0,True,False
1350,1821,2264,2077,2520,1411,65013,523,0,0,True,False
1351,3914,1234,4170,1490,1411,65536,0,0,0,False,True
1352,1383,928,1639,1184,1411,65536,0,0,0,False,True
1353,1940,1551,2196,1807,1411,65230,306,0,0,True,False
1354,2092,1753,2348,2009,1411,65311,225,0,0,True,False
1355,1828,957,2084,1213,1411,65442,94,0,0,True,False
1356,3419,1745,3675,2001,1411,65536,0,0,0,False,True
1357,1560,1305,1816,1561,1415,65536,0,0,0,False,True
1358,2593,1649,2849,1905,1416,64270,1266,0,0,True,False
1359,3308,2192,3564,2448,1416,64757,779,0,0,True,False
1360,3229,2330,3485,2586,1416,64995,541,0,0,True,False
1361,2388,1602,2644,1858,1416,65536,0,0,0,False,True
1362,2395,1236,2651,1492,1416,63853,1683,0,0,True,False
1363,2176,1077,2432,1333,1416,63776,1760,0,0,True,False
1364,2747,1588,3003,1844,1416,64336,1200,0,0,True,False
1365,2350,1098,2606,1354,1416,64534,1002,0,0,True,False
1366,3381,2344,3637,2600,1416,65342,194,0,0,True,False
1367,2260,1397,2516,1653,1416,65298,238,0,0,True,False
1368,2950,2127,3206,2383,1416,65001,535,0,0,True,False
1369,2569,1268,2825,1524,1416,65284,252,0,0,True,False
1370,3167,914,3423,1170,1438,65536,0,0,0,False,True
1371,3939,1069,4195,1325,1438,65536,0,0,0,False,True
1372,1149,2439,1405,2695,1438,65536,0,0,0,False,True
1373,3382,1044,3638,1300,1478,65536,0,0,0,False,True
1374,3765,1643,4021,1899,1478,65536,0,0,0,False,True
1375,3677,1797,3933,2053,1478,65536,0,0,0,False,True
1376,2073,1332,2329,1588,1478,65536,0,0,0,False,True
1377,1482,1665,1738,1921,1495,65536,0,0,0,False,True
1378,2344,1189,2600,1445,1495,64668,868,0,0,True,False
1379,1704,1453,1960,1709,1495,65536,0,0,0,False,True
1380,2460,1545,2716,1801,1495,64526,1010,0,0,True,False
1381,1530,1430,1786,1686,1521,63680,0,1856,0,False,True
1382,1512,1997,1768,2253,1521,63243,0,2293,0,False,True
1383,1402,2029,1658,2285,1521,63641,0,1895,0,False,True
1384,1680,919,1936,1175,1521,64845,0,691,0,False,True
1385,1286,2026,1542,2282,1521,65536,0,0,0,False,True
1386,3662,1443,3918,1699,1521,65536,0,0,0,False,True
1387,1689,1367,1945,1623,1521,63639,0,1897,0,False,True
1388,1457,1881,1713,2137,1521,63791,0,1745,0,False,True
1389,3531,1685,3787,1941,1602,65536,0,0,0,False,True
1390,2387,1080,2643,1336,1602,65536,0,0,0,False,True
1391,3678,2316,3934,2572,1602,65536,0,0,0,False,True
1392,1552,922,1808,1178,1602,65536,0,0,0,False,True
1393,2858,835,3114,1091,1764,65536,0,0,0,False,True
1394,2600,1673,2856,1929,1764,65536,0,0,0,False,True
1395,1983,1955,2239,2211,2005,65536,0,0,0,False,True
1396,1362,2231,1618,2487,2040,64678,0,858,0,False,True
1397,1242,2322,1498,2578,2040,65432,0,104,0,False,True
1398,1252,2015,1508,2271,2040,63795,0,1741,0,False,True
1399,1292,2338,1548,2594,2044,65536,0,0,0,False,True
1400,3602,2169,3858,2425,2047,64183,1353,0,0,True,False
1401,3267,2034,3523,2290,2047,64530,1006,0,0,True,False
1402,2209,2135,2465,2391,2047,65454,82,0,0,True,False
1403,3815,980,4071,1236,2047,65536,0,0,0,False,True
1404,3431,2020,3687,2276,2047,65536,0,0,0,False,True
1405,3036,1521,3292,1777,2047,65536,0,0,0,False,True
1406,3710,2212,3966,2468,2047,64934,602,0,0,True,False
1407,2778,2064,3034,2320,2047,63894,1642,0,0,True,False
1408,2784,1772,3040,2028,2047,65536,0,0,0,False,True
1409,3650,1123,3906,1379,2085,64960,0,576,0,False,True
1410,3391,1253,3647,1509,2085,65447,0,89,0,False,True
1411,1451,1411,1707,1667,2085,65536,0,0,0,False,True
1412,2138,2466,2394,2722,2093,65536,0,0,0,False,True
1413,2550,1988,2806,2244,2093,65536,0,0,0,False,True
1414,2773,2446,3029,2702,2095,65536,0,0,0,False,True
1415,3093,1813,3349,2069,2095,65536,0,0,0,False,True
1416,1643,2245,1899,2501,2095,65536,0,0,0,False,True
1417,2306,1607,2562,1863,2096,64798,738,0,0,True,False
1418,2507,1424,2763,1680,2096,65113,423,0,0,True,False
1419,2437,1699,2693,1955,2096,65512,24,0,0,True,False
1420,2235,954,2491,1210,2096,65532,4,0,0,True,False
1421,1685,2028,1941,2284,2097,65536,0,0,0,False,True
1422,3028,2152,3284,2408,2097,65536,0,0,0,False,True
1423,3744,2231,4000,2487,2097,65536,0,0,0,False,True
1424,2164,2228,2420,2484,2097,65129,407,0,0,True,False
1425,1203,2003,1459,2259,2097,64439,1097,0,0,True,False
1426,2417,1043,2673,1299,2097,65536,0,0,0,False,True
1427,2263,1847,2519,2103,2097,65501,35,0,0,True,False
1428,2253,1890,2509,2146,2097,65468,68,0,0,True,False
1429,3435,1708,3691,1964,2098,62440,3096,0,0,True,False
1430,2815,1588,3071,1844,2098,62372,3164,0,0,True,False
1431,3584,2520,3840,2776,2098,65536,0,0,0,False,True
1432,2569,1463,2825,1719,2098,61341,4195,0,0,True,False
1433,3132,1487,3388,1743,2098,62444,3092,0,0,True,False
1434,2192,2195,2448,2451,2098,62035,3501,0,0,True,False
1435,3024,1459,3280,1715,2098,64372,1164,0,0,True,False
1436,2481,1380,2737,1636,2098,61888,3648,0,0,True,False
1437,3604,2122,3860,2378,2098,65536,0,0,0,False,True
1438,2285,1619,2541,1875,2099,63854,1682,0,0,True,False
1439,2299,1812,2555,2068,2099,62965,2571,0,0,True,False
1440,2107,1197,2363,1453,2099,65348,188,0,0,True,False
1441,1885,886,2141,1142,2099,65056,480,0,0,True,False
1442,1787,1133,2043,1389,2099,64843,693,0,0,True,False
1443,2024,1544,2280,1800,2101,65536,0,0,0,False,True
1444,2206,2328,2462,2584,2164,64899,637,0,0,True,False
1445,2193,1949,2449,2205,2164,63899,1637,0,0,True,False
1446,2122,853,2378,1109,2164,65536,0,0,0,False,True
1447,1496,1034,1752,1290,2164,63500,2036,0,0,True,False
1448,1852,1479,2108,1735,2164,63573,1963,0,0,True,False
1449,1643,1067,1899,1323,2164,60715,4821,0,0,True,False
1450,2135,2212,2391,2468,2169,65536,0,0,0,False,True
1451,1600,2049,1856,2305,2170,64898,638,0,0,True,False
1452,3372,1140,3628,1396,2171,62234,3302,0,0,True,False
1453,3303,1228,3559,1484,2171,62128,3408,0,0,True,False
1454,2948,1201,3204,1457,2171,65413,123,0,0,True,False
1455,3362,1270,3618,1526,2171,63014,2522,0,0,True,False
1456,2247,1438,2503,1694,2172,65536,0,0,0,False,True
1457,2524,2259,2780,2515,2172,64917,619,0,0,True,False
1458,2248,2056,2504,2312,2172,65126,410,0,0,True,False
1459,1989,2239,2245,2495,2172,64960,576,0,0,True,False
1460,1448,1941,1704,2197,2172,63613,1923,0,0,True,False
1461,2066,1981,2322,2237,2172,64868,668,0,0,True,False
