,x_start,y_start,x_stop,y_stop,z,0,1,2,3
0,2927,1408,3183,1664,0,0,0,0,0
1,3874,2156,4130,2412,0,0,0,0,0
2,1779,897,2035,1153,0,0,0,0,0
3,3228,1020,3484,1276,0,0,0,0,0
4,2388,1173,2644,1429,0,0,0,0,0
5,3133,1632,3389,1888,0,0,0,0,0
6,2761,2234,3017,2490,0,0,0,0,0
7,3106,938,3362,1194,0,0,0,0,0
8,2972,1049,3228,1305,0,0,0,0,0
9,2062,2286,2318,2542,0,0,0,0,0
10,3702,1516,3958,1772,2,65536,0,0,0
11,3785,866,4041,1122,2,65536,0,0,0
12,2889,2086,3145,2342,2,65536,0,0,0
13,3359,2117,3615,2373,2,65536,0,0,0
14,2937,2054,3193,2310,2,65536,0,0,0
15,3507,1056,3763,1312,2,65536,0,0,0
16,3702,1716,3958,1972,2,65536,0,0,0
17,3898,2297,4154,2553,2,65536,0,0,0
18,2455,2281,2711,2537,2,65536,0,0,0
19,2839,2331,3095,2587,2,65536,0,0,0
20,1432,1131,1688,1387,17,65536,0,0,0
21,3430,1403,3686,1659,17,65536,0,0,0
22,3554,1327,3810,1583,17,65536,0,0,0
23,2266,1995,2522,2251,17,65536,0,0,0
24,1203,1252,1459,1508,17,65536,0,0,0
25,1890,1915,2146,2171,17,65536,0,0,0
26,2143,1453,2399,1709,17,65536,0,0,0
27,3442,1977,3698,2233,17,65536,0,0,0
28,2742,2213,2998,2469,17,65536,0,0,0
29,1215,1360,1471,1616,17,65536,0,0,0
30,1390,2415,1646,2671,20,65536,0,0,0
31,3977,2268,4233,2524,20,65536,0,0,0
32,2886,1535,3142,1791,20,65536,0,0,0
33,3377,846,3633,1102,20,65536,0,0,0
34,2053,1434,2309,1690,20,65536,0,0,0
35,1129,2500,1385,2756,20,65536,0,0,0
36,3444,1136,3700,1392,20,65536,0,0,0
37,1609,2168,1865,2424,20,65536,0,0,0
38,1676,1197,1932,1453,20,65536,0,0,0
39,2608,1000,2864,1256,20,65536,0,0,0
40,2864,2395,3120,2651,21,65536,0,0,0
41,3750,1689,4006,1945,21,65536,0,0,0
42,3593,1046,3849,1302,21,65536,0,0,0
43,2131,955,2387,1211,21,65401,135,0,0
44,2921,853,3177,1109,21,65536,0,0,0
45,1250,1090,1506,1346,21,65536,0,0,0
46,1693,2289,1949,2545,21,65536,0,0,0
47,2402,2467,2658,2723,21,65536,0,0,0
48,2569,1582,2825,1838,21,65536,0,0,0
49,2279,1286,2535,1542,21,64455,1081,0,0
50,3542,1473,3798,1729,25,65536,0,0,0
51,3535,2094,3791,2350,25,65536,0,0,0
52,3550,1079,3806,1335,25,65536,0,0,0
53,3657,1782,3913,2038,25,65536,0,0,0
54,3720,1601,3976,1857,25,65536,0,0,0
55,2020,2139,2276,2395,25,65536,0,0,0
56,1834,978,2090,1234,25,65536,0,0,0
57,1814,2352,2070,2608,25,65536,0,0,0
58,3528,1183,3784,1439,25,65536,0,0,0
59,3431,919,3687,1175,25,65536,0,0,0
60,3748,2512,4004,2768,27,65536,0,0,0
61,2956,1507,3212,1763,27,65536,0,0,0
62,3943,1355,4199,1611,27,65536,0,0,0
63,1518,2265,1774,2521,27,65536,0,0,0
64,2517,1418,2773,1674,27,65536,0,0,0
65,2504,1827,2760,2083,27,65536,0,0,0
66,2626,2060,2882,2316,27,65536,0,0,0
67,3370,2389,3626,2645,27,65536,0,0,0
68,2136,2520,2392,2776,27,65536,0,0,0
69,3524,1032,3780,1288,27,65536,0,0,0
70,2563,1749,2819,2005,29,65536,0,0,0
71,2956,2226,3212,2482,29,65536,0,0,0
72,2966,1842,3222,2098,29,65536,0,0,0
73,3729,1925,3985,2181,29,65536,0,0,0
74,3016,1656,3272,1912,29,65536,0,0,0
75,1856,2195,2112,2451,29,65536,0,0,0
76,3705,1093,3961,1349,29,65536,0,0,0
77,3363,2517,3619,2773,29,65536,0,0,0
78,1712,2245,1968,2501,29,65536,0,0,0
79,1714,2065,1970,2321,29,65536,0,0,0
80,2392,1839,2648,2095,33,65536,0,0,0
81,3400,2097,3656,2353,33,65536,0,0,0
82,3765,1005,4021,1261,33,65536,0,0,0
83,2079,2075,2335,2331,33,65536,0,0,0
84,2747,1356,3003,1612,33,65536,0,0,0
85,1759,2450,2015,2706,33,65536,0,0,0
86,2447,944,2703,1200,33,65536,0,0,0
87,3319,2306,3575,2562,33,65536,0,0,0
88,3769,1099,4025,1355,33,65536,0,0,0
89,2232,2252,2488,2508,33,65536,0,0,0
90,1392,1634,1648,1890,73,65536,0,0,0
91,3090,1502,3346,1758,73,65536,0,0,0
92,3688,1166,3944,1422,73,65536,0,0,0
93,3274,1109,3530,1365,73,65536,0,0,0
94,1143,2424,1399,2680,73,65536,0,0,0
95,1392,2038,1648,2294,73,65536,0,0,0
96,1983,1198,2239,1454,73,65536,0,0,0
97,1452,2312,1708,2568,73,65536,0,0,0
98,2740,1914,2996,2170,73,65536,0,0,0
99,1651,1245,1907,1501,73,65536,0,0,0
100,1330,1365,1586,1621,74,65504,32,0,0
101,2644,1568,2900,1824,74,65536,0,0,0
102,2327,1899,2583,2155,74,65536,0,0,0
103,2134,2524,2390,2780,74,65536,0,0,0
104,2721,2262,2977,2518,74,65536,0,0,0
105,2474,2422,2730,2678,74,65536,0,0,0
106,2571,1384,2827,1640,74,65536,0,0,0
107,1184,1300,1440,1556,74,65536,0,0,0
108,2902,1468,3158,1724,74,65536,0,0,0
109,2018,1416,2274,1672,74,65440,96,0,0
110,3548,1882,3804,2138,81,65536,0,0,0
111,2669,1968,2925,2224,81,65536,0,0,0
112,1586,931,1842,1187,81,65536,0,0,0
113,1422,2447,1678,2703,81,65536,0,0,0
114,2464,1894,2720,2150,81,65536,0,0,0
115,3182,2216,3438,2472,81,65536,0,0,0
116,3187,2206,3443,2462,81,65536,0,0,0
117,2098,920,2354,1176,81,65536,0,0,0
118,1462,2516,1718,2772,81,65536,0,0,0
119,3833,963,4089,1219,81,65536,0,0,0
120,3474,2303,3730,2559,89,65536,0,0,0
121,1121,2311,1377,2567,89,65536,0,0,0
122,2177,1239,2433,1495,89,65536,0,0,0
123,2364,2246,2620,2502,89,65536,0,0,0
124,2214,1271,2470,1527,89,65536,0,0,0
125,1555,1505,1811,1761,89,65536,0,0,0
126,1411,855,1667,1111,89,65536,0,0,0
127,1545,1628,1801,1884,89,65536,0,0,0
128,1655,890,1911,1146,89,65536,0,0,0
129,1730,2413,1986,2669,89,65536,0,0,0
130,2069,2358,2325,2614,96,65536,0,0,0
131,2398,1721,2654,1977,96,65536,0,0,0
132,1374,1020,1630,1276,96,65536,0,0,0
133,3459,1094,3715,1350,96,65536,0,0,0
134,1520,1965,1776,2221,96,65536,0,0,0
135,3399,1965,3655,2221,96,65536,0,0,0
136,3520,1096,3776,1352,96,65536,0,0,0
137,1452,1545,1708,1801,96,65536,0,0,0
138,1460,878,1716,1134,96,65536,0,0,0
139,2403,2029,2659,2285,96,65536,0,0,0
140,3467,1253,3723,1509,99,65536,0,0,0
141,3684,878,3940,1134,99,65536,0,0,0
142,3219,943,3475,1199,99,65536,0,0,0
143,1853,888,2109,1144,99,65536,0,0,0
144,3195,2313,3451,2569,99,65536,0,0,0
145,3387,1765,3643,2021,99,65536,0,0,0
146,1396,2366,1652,2622,99,65536,0,0,0
147,3139,1151,3395,1407,99,65536,0,0,0
148,2931,2334,3187,2590,99,65536,0,0,0
149,1400,2423,1656,2679,99,65536,0,0,0
150,3445,1699,3701,1955,100,64182,1354,0,0
151,2951,2276,3207,2532,100,65536,0,0,0
152,3359,1509,3615,1765,100,63185,2351,0,0
153,3525,1124,3781,1380,100,65536,0,0,0
154,2509,1199,2765,1455,100,65536,0,0,0
155,2338,1937,2594,2193,100,61932,3604,0,0
156,2310,2190,2566,2446,100,65536,0,0,0
157,3514,2157,3770,2413,100,65536,0,0,0
158,2973,1638,3229,1894,100,62164,3372,0,0
159,2343,1657,2599,1913,100,65536,0,0,0
160,2280,1298,2536,1554,107,65536,0,0,0
161,2885,1322,3141,1578,107,65536,0,0,0
162,3624,1333,3880,1589,107,65536,0,0,0
163,3655,1285,3911,1541,107,65536,0,0,0
164,1916,2184,2172,2440,107,65536,0,0,0
165,3630,977,3886,1233,107,65536,0,0,0
166,1479,1105,1735,1361,107,65536,0,0,0
167,2442,1683,2698,1939,107,65536,0,0,0
168,1179,2047,1435,2303,107,65536,0,0,0
169,1166,1262,1422,1518,107,65536,0,0,0
170,3515,1931,3771,2187,117,65536,0,0,0
171,2443,1001,2699,1257,117,65536,0,0,0
172,1731,1695,1987,1951,117,65536,0,0,0
173,1204,1565,1460,1821,117,65536,0,0,0
174,2267,1603,2523,1859,117,65536,0,0,0
175,1849,1286,2105,1542,117,65536,0,0,0
176,1338,893,1594,1149,117,65536,0,0,0
177,1520,1077,1776,1333,117,65536,0,0,0
178,3783,2443,4039,2699,117,65536,0,0,0
179,2288,1157,2544,1413,117,65536,0,0,0
180,3743,1868,3999,2124,126,65536,0,0,0
181,2754,1397,3010,1653,126,65536,0,0,0
182,3424,2528,3680,2784,126,65536,0,0,0
183,2747,1557,3003,1813,126,65536,0,0,0
184,3252,1848,3508,2104,126,65536,0,0,0
185,1687,1425,1943,1681,126,65536,0,0,0
186,1762,1778,2018,2034,126,65536,0,0,0
187,2588,1867,2844,2123,126,65536,0,0,0
188,3397,1714,3653,1970,126,65536,0,0,0
189,1730,1446,1986,1702,126,65536,0,0,0
190,2472,1996,2728,2252,127,65536,0,0,0
191,3576,1284,3832,1540,127,65536,0,0,0
192,2488,1085,2744,1341,127,65536,0,0,0
193,2887,866,3143,1122,127,65536,0,0,0
194,3584,1736,3840,1992,127,65536,0,0,0
195,3706,1702,3962,1958,127,65536,0,0,0
196,2665,1209,2921,1465,127,65536,0,0,0
197,3068,1176,3324,1432,127,65536,0,0,0
198,1886,1398,2142,1654,127,65536,0,0,0
199,2147,921,2403,1177,127,65536,0,0,0
200,1939,2406,2195,2662,164,65536,0,0,0
201,3516,2372,3772,2628,164,65536,0,0,0
202,1858,1380,2114,1636,164,65536,0,0,0
203,3721,2451,3977,2707,164,65536,0,0,0
204,3735,1710,3991,1966,164,65536,0,0,0
205,1125,910,1381,1166,164,65536,0,0,0
206,2249,1523,2505,1779,164,65536,0,0,0
207,1723,1683,1979,1939,164,65536,0,0,0
208,1992,1753,2248,2009,164,65536,0,0,0
209,1800,2099,2056,2355,164,65536,0,0,0
210,2646,1164,2902,1420,171,65536,0,0,0
211,2855,920,3111,1176,171,65536,0,0,0
212,3260,2029,3516,2285,171,65536,0,0,0
213,1933,943,2189,1199,171,65536,0,0,0
214,1591,1812,1847,2068,171,65536,0,0,0
215,1619,2318,1875,2574,171,65536,0,0,0
216,2162,2435,2418,2691,171,65536,0,0,0
217,1258,1038,1514,1294,171,65536,0,0,0
218,1862,1960,2118,2216,171,65536,0,0,0
219,2078,1914,2334,2170,171,65536,0,0,0
220,3838,1330,4094,1586,173,65536,0,0,0
221,1916,846,2172,1102,173,65536,0,0,0
222,2126,1721,2382,1977,173,65536,0,0,0
223,2929,1768,3185,2024,173,65536,0,0,0
224,3230,1675,3486,1931,173,65536,0,0,0
225,1437,847,1693,1103,173,65536,0,0,0
226,1793,964,2049,1220,173,65536,0,0,0
227,3126,1423,3382,1679,173,65536,0,0,0
228,2688,1926,2944,2182,173,65536,0,0,0
229,2410,1191,2666,1447,173,65536,0,0,0
230,2403,2516,2659,2772,175,65536,0,0,0
231,3247,1440,3503,1696,175,65536,0,0,0
232,2180,1950,2436,2206,175,65536,0,0,0
233,1270,1677,1526,1933,175,65536,0,0,0
234,2411,1064,2667,1320,175,65536,0,0,0
235,2706,1238,2962,1494,175,65536,0,0,0
236,3488,2122,3744,2378,175,65536,0,0,0
237,3946,916,4202,1172,175,65536,0,0,0
238,3079,1600,3335,1856,175,65536,0,0,0
239,1527,835,1783,1091,175,65536,0,0,0
240,2324,982,2580,1238,184,65536,0,0,0
241,3612,1960,3868,2216,184,65536,0,0,0
242,2547,2112,2803,2368,184,65536,0,0,0
243,2032,1802,2288,2058,184,65536,0,0,0
244,3533,2157,3789,2413,184,65536,0,0,0
245,1272,1666,1528,1922,184,65536,0,0,0
246,2629,2175,2885,2431,184,65536,0,0,0
247,2472,2025,2728,2281,184,65536,0,0,0
248,3211,1237,3467,1493,184,65536,0,0,0
249,1780,1989,2036,2245,184,65536,0,0,0
250,2086,1209,2342,1465,187,65536,0,0,0
251,3836,1770,4092,2026,187,65536,0,0,0
252,1959,1540,2215,1796,187,65536,0,0,0
253,3495,2488,3751,2744,187,65536,0,0,0
254,3093,844,3349,1100,187,65536,0,0,0
255,1232,2278,1488,2534,187,65536,0,0,0
256,2470,1408,2726,1664,187,65536,0,0,0
257,3330,2267,3586,2523,187,65536,0,0,0
258,3693,1271,3949,1527,187,65536,0,0,0
259,3379,2475,3635,2731,187,65536,0,0,0
260,2422,1997,2678,2253,195,65536,0,0,0
261,3293,1683,3549,1939,195,65536,0,0,0
262,1906,2244,2162,2500,195,65536,0,0,0
263,2008,1634,2264,1890,195,65536,0,0,0
264,1476,1078,1732,1334,195,65536,0,0,0
265,1209,2046,1465,2302,195,65536,0,0,0
266,1256,1153,1512,1409,195,65536,0,0,0
267,2799,2089,3055,2345,195,65536,0,0,0
268,2909,2260,3165,2516,195,65536,0,0,0
269,2386,1197,2642,1453,195,65536,0,0,0
270,3097,1963,3353,2219,196,65536,0,0,0
271,3132,1763,3388,2019,196,65536,0,0,0
272,2664,1020,2920,1276,196,65536,0,0,0
273,1712,1432,1968,1688,196,63068,2468,0,0
274,3988,1325,4244,1581,196,65536,0,0,0
275,3915,1820,4171,2076,196,65536,0,0,0
276,1439,1380,1695,1636,196,65536,0,0,0
277,3132,1787,3388,2043,196,65536,0,0,0
278,2037,1164,2293,1420,196,63664,1872,0,0
279,3523,930,3779,1186,196,65536,0,0,0
280,1497,1080,1753,1336,198,65536,0,0,0
281,3923,1949,4179,2205,198,65536,0,0,0
282,3769,1699,4025,1955,198,65536,0,0,0
283,2162,1736,2418,1992,198,65536,0,0,0
284,3404,1148,3660,1404,198,65536,0,0,0
285,2747,2506,3003,2762,198,65536,0,0,0
286,1770,1403,2026,1659,198,65536,0,0,0
287,1650,2442,1906,2698,198,65536,0,0,0
288,2106,2389,2362,2645,198,65536,0,0,0
289,2363,2171,2619,2427,198,65536,0,0,0
290,2383,1326,2639,1582,199,60632,4904,0,0
291,1909,2384,2165,2640,199,65536,0,0,0
292,1616,2208,1872,2464,199,65536,0,0,0
293,3705,1806,3961,2062,199,65536,0,0,0
294,2871,2431,3127,2687,199,65536,0,0,0
295,2637,1593,2893,1849,199,65536,0,0,0
296,2096,2030,2352,2286,199,65536,0,0,0
297,1307,2004,1563,2260,199,65274,262,0,0
298,3185,2064,3441,2320,199,65536,0,0,0
299,3674,1209,3930,1465,199,65536,0,0,0
300,3929,1785,4185,2041,236,65536,0,0,0
301,2141,2263,2397,2519,236,63906,0,1630,0
302,1214,1957,1470,2213,236,61636,0,3900,0
303,1313,1071,1569,1327,236,65536,0,0,0
304,3814,939,4070,1195,236,65536,0,0,0
305,2063,1596,2319,1852,236,65536,0,0,0
306,2830,2213,3086,2469,236,65536,0,0,0
307,3811,1451,4067,1707,236,65536,0,0,0
308,1486,2351,1742,2607,236,65420,0,116,0
309,2038,2369,2294,2625,236,65524,0,12,0
310,2568,2253,2824,2509,237,64116,0,1420,0
311,2698,1650,2954,1906,237,65536,0,0,0
312,3590,1485,3846,1741,237,65536,0,0,0
313,1347,1323,1603,1579,237,65536,0,0,0
314,3341,1071,3597,1327,237,65536,0,0,0
315,2168,1817,2424,2073,237,65536,0,0,0
316,3966,1540,4222,1796,237,65536,0,0,0
317,2117,2371,2373,2627,237,64700,0,836,0
318,3254,1897,3510,2153,237,65536,0,0,0
319,1678,2097,1934,2353,237,65052,0,484,0
320,2538,2327,2794,2583,239,65536,0,0,0
321,1231,1440,1487,1696,239,65536,0,0,0
322,1532,1891,1788,2147,239,65536,0,0,0
323,1884,1009,2140,1265,239,65536,0,0,0
324,3102,2179,3358,2435,239,65536,0,0,0
325,2694,1489,2950,1745,239,65536,0,0,0
326,3208,2078,3464,2334,239,65536,0,0,0
327,1421,1405,1677,1661,239,65536,0,0,0
328,2469,1874,2725,2130,239,65536,0,0,0
329,3570,2397,3826,2653,239,65536,0,0,0
330,3179,1485,3435,1741,241,65536,0,0,0
331,1215,2023,1471,2279,241,65536,0,0,0
332,3412,861,3668,1117,241,65536,0,0,0
333,2019,2339,2275,2595,241,65536,0,0,0
334,1442,1966,1698,2222,241,65536,0,0,0
335,2179,1170,2435,1426,241,65536,0,0,0
336,3246,2203,3502,2459,241,65536,0,0,0
337,3389,1597,3645,1853,241,65536,0,0,0
338,3030,1536,3286,1792,241,65536,0,0,0
339,1399,1927,1655,2183,241,65536,0,0,0
340,1561,1920,1817,2176,243,65536,0,0,0
341,2706,1149,2962,1405,243,65536,0,0,0
342,3398,1070,3654,1326,243,65536,0,0,0
343,3258,1420,3514,1676,243,65536,0,0,0
344,3301,1429,3557,1685,243,65536,0,0,0
345,1333,2086,1589,2342,243,65536,0,0,0
346,3895,1890,4151,2146,243,65536,0,0,0
347,3382,1201,3638,1457,243,65536,0,0,0
348,1290,997,1546,1253,243,65536,0,0,0
349,3623,2004,3879,2260,243,65536,0,0,0
350,2189,2515,2445,2771,247,65536,0,0,0
351,1735,2212,1991,2468,247,65536,0,0,0
352,2270,2325,2526,2581,247,65536,0,0,0
353,3603,2195,3859,2451,247,65536,0,0,0
354,3477,1518,3733,1774,247,65536,0,0,0
355,1469,2408,1725,2664,247,65536,0,0,0
356,2080,2175,2336,2431,247,65536,0,0,0
357,1150,1217,1406,1473,247,65536,0,0,0
358,1927,1170,2183,1426,247,65536,0,0,0
359,3081,1632,3337,1888,247,65536,0,0,0
360,1659,2085,1915,2341,260,65536,0,0,0
361,2445,1751,2701,2007,260,65536,0,0,0
362,2080,914,2336,1170,260,65536,0,0,0
363,3692,2012,3948,2268,260,65536,0,0,0
364,3113,934,3369,1190,260,65536,0,0,0
365,3245,1477,3501,1733,260,65536,0,0,0
366,3393,1021,3649,1277,260,65536,0,0,0
367,3368,1702,3624,1958,260,65536,0,0,0
368,1127,2500,1383,2756,260,65536,0,0,0
369,3668,1859,3924,2115,260,65536,0,0,0
370,3718,1464,3974,1720,261,65536,0,0,0
371,3861,1087,4117,1343,261,65536,0,0,0
372,2749,1898,3005,2154,261,65536,0,0,0
373,2106,2265,2362,2521,261,65536,0,0,0
374,1647,2134,1903,2390,261,64146,0,1390,0
375,1986,918,2242,1174,261,65536,0,0,0
376,3626,2187,3882,2443,261,65536,0,0,0
377,3039,1278,3295,1534,261,65192,0,344,0
378,2803,1537,3059,1793,261,62726,0,2810,0
379,1666,1502,1922,1758,261,65536,0,0,0
380,3697,841,3953,1097,263,65536,0,0,0
381,3732,2296,3988,2552,263,65536,0,0,0
382,3404,2507,3660,2763,263,65536,0,0,0
383,1619,1144,1875,1400,263,65536,0,0,0
384,1323,2323,1579,2579,263,65536,0,0,0
385,1941,1040,2197,1296,263,65536,0,0,0
386,2992,2198,3248,2454,263,65536,0,0,0
387,2036,1990,2292,2246,263,65536,0,0,0
388,2431,1157,2687,1413,263,65536,0,0,0
389,3144,1923,3400,2179,263,65536,0,0,0
390,2210,852,2466,1108,266,65536,0,0,0
391,3884,1110,4140,1366,266,65536,0,0,0
392,3728,1768,3984,2024,266,65536,0,0,0
393,3930,2134,4186,2390,266,65536,0,0,0
394,1311,1215,1567,1471,266,65536,0,0,0
395,2733,1772,2989,2028,266,65536,0,0,0
396,3002,2295,3258,2551,266,65536,0,0,0
397,2338,1040,2594,1296,266,65536,0,0,0
398,1426,2401,1682,2657,266,65536,0,0,0
399,1204,1240,1460,1496,266,65536,0,0,0
400,1120,885,1376,1141,282,65536,0,0,0
401,2431,1102,2687,1358,282,65536,0,0,0
402,1957,2104,2213,2360,282,65536,0,0,0
403,3852,2296,4108,2552,282,65536,0,0,0
404,3145,1676,3401,1932,282,65536,0,0,0
405,3416,2443,3672,2699,282,65536,0,0,0
406,2594,2298,2850,2554,282,65536,0,0,0
407,2367,936,2623,1192,282,65536,0,0,0
408,1686,1241,1942,1497,282,65536,0,0,0
409,3748,2378,4004,2634,282,65536,0,0,0
410,2066,2036,2322,2292,283,65536,0,0,0
411,2323,2190,2579,2446,283,65536,0,0,0
412,3721,1993,3977,2249,283,65536,0,0,0
413,3554,974,3810,1230,283,65536,0,0,0
414,1667,1425,1923,1681,283,65536,0,0,0
415,1743,2421,1999,2677,283,65536,0,0,0
416,2468,1551,2724,1807,283,62540,2996,0,0
417,1964,891,2220,1147,283,65536,0,0,0
418,2175,856,2431,1112,283,65536,0,0,0
419,1187,2122,1443,2378,283,65536,0,0,0
420,3810,1257,4066,1513,284,65536,0,0,0
421,2875,1798,3131,2054,284,65536,0,0,0
422,3273,990,3529,1246,284,65536,0,0,0
423,1926,2080,2182,2336,284,65468,68,0,0
424,2516,1574,2772,1830,284,65536,0,0,0
425,3908,1943,4164,2199,284,65536,0,0,0
426,3732,964,3988,1220,284,65536,0,0,0
427,2530,1792,2786,2048,284,65536,0,0,0
428,3961,986,4217,1242,284,65536,0,0,0
429,1872,1007,2128,1263,284,65536,0,0,0
430,1518,2462,1774,2718,288,65536,0,0,0
431,3317,2316,3573,2572,288,65536,0,0,0
432,3686,1120,3942,1376,288,65536,0,0,0
433,3663,2513,3919,2769,288,65536,0,0,0
434,1957,1690,2213,1946,288,65516,0,20,0
435,1556,2472,1812,2728,288,65536,0,0,0
436,1806,1626,2062,1882,288,65536,0,0,0
437,3426,1210,3682,1466,288,65536,0,0,0
438,2661,1558,2917,1814,288,64584,0,952,0
439,3140,1108,3396,1364,288,65536,0,0,0
440,1956,1566,2212,1822,289,65536,0,0,0
441,1749,1412,2005,1668,289,65536,0,0,0
442,3954,1967,4210,2223,289,65536,0,0,0
443,2660,1059,2916,1315,289,65536,0,0,0
444,2711,1216,2967,1472,289,65536,0,0,0
445,3068,1215,3324,1471,289,63134,0,2402,0
446,3092,2215,3348,2471,289,65536,0,0,0
447,2004,2135,2260,2391,289,63498,0,2038,0
448,3184,2117,3440,2373,289,65536,0,0,0
449,2764,2260,3020,2516,289,65536,0,0,0
450,1378,2256,1634,2512,290,65536,0,0,0
451,1599,858,1855,1114,290,65536,0,0,0
452,2376,854,2632,1110,290,65536,0,0,0
453,3455,1230,3711,1486,290,65536,0,0,0
454,1227,1278,1483,1534,290,65536,0,0,0
455,3534,2166,3790,2422,290,65536,0,0,0
456,1931,1342,2187,1598,290,65536,0,0,0
457,3547,1017,3803,1273,290,65536,0,0,0
458,2247,1255,2503,1511,290,65536,0,0,0
459,1158,1469,1414,1725,290,65536,0,0,0
460,1517,859,1773,1115,291,65536,0,0,0
461,2040,1905,2296,2161,291,64540,996,0,0
462,3624,2126,3880,2382,291,65536,0,0,0
463,2822,1760,3078,2016,291,63092,2444,0,0
464,1356,1228,1612,1484,291,65536,0,0,0
465,2424,1013,2680,1269,291,65166,370,0,0
466,1223,1861,1479,2117,291,65536,0,0,0
467,3212,1455,3468,1711,291,65536,0,0,0
468,3697,1813,3953,2069,291,65536,0,0,0
469,1786,1471,2042,1727,291,61018,4518,0,0
470,3905,988,4161,1244,293,65536,0,0,0
471,2316,1387,2572,1643,293,65536,0,0,0
472,1207,868,1463,1124,293,65536,0,0,0
473,2865,2090,3121,2346,293,65536,0,0,0
474,2929,1978,3185,2234,293,65536,0,0,0
475,3343,1245,3599,1501,293,65536,0,0,0
476,3056,1457,3312,1713,293,65536,0,0,0
477,2216,1112,2472,1368,293,65536,0,0,0
478,3118,1463,3374,1719,293,65536,0,0,0
479,1969,2268,2225,2524,293,65536,0,0,0
480,1525,2410,1781,2666,294,65536,0,0,0
481,2791,2110,3047,2366,294,65536,0,0,0
482,1291,1333,1547,1589,294,65536,0,0,0
483,3286,2012,3542,2268,294,65536,0,0,0
484,1928,1949,2184,2205,294,65536,0,0,0
485,2620,934,2876,1190,294,65536,0,0,0
486,1173,2283,1429,2539,294,65536,0,0,0
487,1178,2431,1434,2687,294,65536,0,0,0
488,3803,2098,4059,2354,294,65536,0,0,0
489,1850,2099,2106,2355,294,65536,0,0,0
490,3147,1083,3403,1339,295,64926,610,0,0
491,3714,864,3970,1120,295,65536,0,0,0
492,2470,2452,2726,2708,295,65536,0,0,0
493,1538,1407,1794,1663,295,65536,0,0,0
494,3412,1044,3668,1300,295,65536,0,0,0
495,2306,2043,2562,2299,295,63644,1892,0,0
496,1804,2341,2060,2597,295,65536,0,0,0
497,2078,2132,2334,2388,295,65536,0,0,0
498,2257,1214,2513,1470,295,65536,0,0,0
499,1651,1216,1907,1472,295,65536,0,0,0
500,1251,1044,1507,1300,303,65536,0,0,0
501,3476,1594,3732,1850,303,65536,0,0,0
502,3363,2367,3619,2623,303,65536,0,0,0
503,3998,2456,4254,2712,303,65536,0,0,0
504,1663,1931,1919,2187,303,65536,0,0,0
505,1197,1809,1453,2065,303,65536,0,0,0
506,1517,2459,1773,2715,303,65536,0,0,0
507,3956,2504,4212,2760,303,65536,0,0,0
508,1163,1177,1419,1433,303,65536,0,0,0
509,2747,1494,3003,1750,303,65536,0,0,0
510,3404,2020,3660,2276,304,65536,0,0,0
511,3954,1472,4210,1728,304,65536,0,0,0
512,2603,2199,2859,2455,304,65536,0,0,0
513,1358,2328,1614,2584,304,65536,0,0,0
514,3388,1788,3644,2044,304,65536,0,0,0
515,1175,1574,1431,1830,304,65536,0,0,0
516,2644,1288,2900,1544,304,59976,5560,0,0
517,2312,1584,2568,1840,304,65536,0,0,0
518,2732,1760,2988,2016,304,59548,5988,0,0
519,1707,2061,1963,2317,304,65536,0,0,0
520,2363,1889,2619,2145,305,65099,437,0,0
521,3449,1296,3705,1552,305,65536,0,0,0
522,1564,1576,1820,1832,305,65536,0,0,0
523,1779,1669,2035,1925,305,65536,0,0,0
524,1402,1924,1658,2180,305,65536,0,0,0
525,1581,2133,1837,2389,305,65536,0,0,0
526,3902,1098,4158,1354,305,65536,0,0,0
527,1415,1328,1671,1584,305,65536,0,0,0
528,1293,1153,1549,1409,305,65536,0,0,0
529,3953,1033,4209,1289,305,65536,0,0,0
530,2215,1399,2471,1655,314,65536,0,0,0
531,1464,1273,1720,1529,314,65536,0,0,0
532,3820,1178,4076,1434,314,65536,0,0,0
533,3232,1190,3488,1446,314,65536,0,0,0
534,1263,2396,1519,2652,314,65536,0,0,0
535,3945,1243,4201,1499,314,65536,0,0,0
536,2766,2047,3022,2303,314,65536,0,0,0
537,1245,1662,1501,1918,314,65536,0,0,0
538,1471,1973,1727,2229,314,65536,0,0,0
539,3398,2496,3654,2752,314,65536,0,0,0
540,3252,1017,3508,1273,351,65536,0,0,0
541,2235,1420,2491,1676,351,65536,0,0,0
542,3438,2492,3694,2748,351,65536,0,0,0
543,2142,1477,2398,1733,351,65536,0,0,0
544,1981,2406,2237,2662,351,65536,0,0,0
545,3194,1194,3450,1450,351,65536,0,0,0
546,2770,1607,3026,1863,351,65536,0,0,0
547,2658,2475,2914,2731,351,65536,0,0,0
548,3416,1790,3672,2046,351,65536,0,0,0
549,3928,1408,4184,1664,351,65536,0,0,0
550,2619,1363,2875,1619,352,65536,0,0,0
551,3083,1558,3339,1814,352,62976,2560,0,0
552,1614,1796,1870,2052,352,61608,3928,0,0
553,2272,1119,2528,1375,352,65536,0,0,0
554,2200,2473,2456,2729,352,65536,0,0,0
555,2156,1198,2412,1454,352,65536,0,0,0
556,1712,1231,1968,1487,352,65536,0,0,0
557,2099,927,2355,1183,352,65536,0,0,0
558,2885,1302,3141,1558,352,65536,0,0,0
559,2060,2411,2316,2667,352,65536,0,0,0
560,3393,1988,3649,2244,355,65536,0,0,0
561,2512,1898,2768,2154,355,65536,0,0,0
562,2761,1138,3017,1394,355,65536,0,0,0
563,3232,2340,3488,2596,355,65536,0,0,0
564,2857,2175,3113,2431,355,65536,0,0,0
565,2478,2331,2734,2587,355,65536,0,0,0
566,3947,2527,4203,2783,355,65536,0,0,0
567,2424,2497,2680,2753,355,65536,0,0,0
568,3247,2514,3503,2770,355,65536,0,0,0
569,1744,2020,2000,2276,355,65536,0,0,0
570,1236,2307,1492,2563,356,65536,0,0,0
571,3724,2382,3980,2638,356,65536,0,0,0
572,2895,1983,3151,2239,356,65536,0,0,0
573,1392,1736,1648,1992,356,65536,0,0,0
574,2243,1087,2499,1343,356,65536,0,0,0
575,2550,2287,2806,2543,356,65536,0,0,0
576,3881,921,4137,1177,356,65536,0,0,0
577,2489,1505,2745,1761,356,65536,0,0,0
578,1834,1619,2090,1875,356,65536,0,0,0
579,2314,1505,2570,1761,356,65536,0,0,0
580,1932,1265,2188,1521,357,65536,0,0,0
581,2361,1127,2617,1383,357,65536,0,0,0
582,2711,2500,2967,2756,357,65536,0,0,0
583,1433,989,1689,1245,357,65536,0,0,0
584,3201,1142,3457,1398,357,65536,0,0,0
585,3235,1148,3491,1404,357,65536,0,0,0
586,2130,850,2386,1106,357,65536,0,0,0
587,3412,1578,3668,1834,357,65536,0,0,0
588,1278,2453,1534,2709,357,65536,0,0,0
589,1881,1794,2137,2050,357,65182,354,0,0
590,2245,1285,2501,1541,358,65536,0,0,0
591,1430,1109,1686,1365,358,65536,0,0,0
592,1778,2301,2034,2557,358,65536,0,0,0
593,2015,1643,2271,1899,358,65536,0,0,0
594,2339,1478,2595,1734,358,65536,0,0,0
595,2131,1261,2387,1517,358,65536,0,0,0
596,1452,1000,1708,1256,358,65536,0,0,0
597,1272,1415,1528,1671,358,65536,0,0,0
598,2313,898,2569,1154,358,65536,0,0,0
599,1918,2441,2174,2697,358,65536,0,0,0
600,2281,2296,2537,2552,585,65536,0,0,0
601,3761,2522,4017,2778,585,65536,0,0,0
602,3301,2311,3557,2567,585,65536,0,0,0
603,3233,1403,3489,1659,585,65536,0,0,0
604,1509,2134,1765,2390,585,61504,0,4032,0
605,2537,2318,2793,2574,585,65536,0,0,0
606,3640,2392,3896,2648,585,65536,0,0,0
607,2260,1406,2516,1662,585,65536,0,0,0
608,2875,2167,3131,2423,585,65536,0,0,0
609,3602,973,3858,1229,585,65536,0,0,0
610,2290,893,2546,1149,586,65528,8,0,0
611,2133,2093,2389,2349,586,65536,0,0,0
612,3539,2515,3795,2771,586,65536,0,0,0
613,3644,2058,3900,2314,586,65536,0,0,0
614,3396,1303,3652,1559,586,65536,0,0,0
615,3929,1621,4185,1877,586,65536,0,0,0
616,3907,1876,4163,2132,586,65536,0,0,0
617,1985,915,2241,1171,586,65536,0,0,0
618,3993,1512,4249,1768,586,65536,0,0,0
619,3593,1090,3849,1346,586,65536,0,0,0
620,3125,2370,3381,2626,587,65536,0,0,0
621,1713,2427,1969,2683,587,65536,0,0,0
622,3425,2225,3681,2481,587,65536,0,0,0
623,3804,1163,4060,1419,587,65536,0,0,0
624,2441,1687,2697,1943,587,65536,0,0,0
625,2546,1920,2802,2176,587,65536,0,0,0
626,1497,1869,1753,2125,587,65536,0,0,0
627,3426,1641,3682,1897,587,65536,0,0,0
628,1671,2357,1927,2613,587,65536,0,0,0
629,3932,2210,4188,2466,587,65536,0,0,0
630,2122,2323,2378,2579,588,65536,0,0,0
631,3435,2487,3691,2743,588,65536,0,0,0
632,3501,2384,3757,2640,588,65536,0,0,0
633,3100,2320,3356,2576,588,63464,2072,0,0
634,1718,1542,1974,1798,588,65536,0,0,0
635,3039,1743,3295,1999,588,60058,5478,0,0
636,2604,1081,2860,1337,588,65536,0,0,0
637,3613,1909,3869,2165,588,65536,0,0,0
638,3368,1484,3624,1740,588,65536,0,0,0
639,2600,1671,2856,1927,588,65536,0,0,0
640,3027,2028,3283,2284,591,65536,0,0,0
641,1975,837,2231,1093,591,65536,0,0,0
642,2868,2377,3124,2633,591,65536,0,0,0
643,2197,1706,2453,1962,591,65536,0,0,0
644,2168,933,2424,1189,591,65536,0,0,0
645,2010,1653,2266,1909,591,65536,0,0,0
646,1535,2523,1791,2779,591,65536,0,0,0
647,1676,1322,1932,1578,591,65536,0,0,0
648,2612,1866,2868,2122,591,65536,0,0,0
649,3783,2400,4039,2656,591,65536,0,0,0
650,3850,1764,4106,2020,592,65536,0,0,0
651,2966,1852,3222,2108,592,65536,0,0,0
652,3721,1778,3977,2034,592,65536,0,0,0
653,2337,1843,2593,2099,592,65536,0,0,0
654,2509,1360,2765,1616,592,65536,0,0,0
655,1582,1153,1838,1409,592,65536,0,0,0
656,1166,1121,1422,1377,592,65536,0,0,0
657,2039,1286,2295,1542,592,65536,0,0,0
658,2030,2403,2286,2659,592,65536,0,0,0
659,1993,2366,2249,2622,592,65536,0,0,0
660,2491,1197,2747,1453,597,65536,0,0,0
661,1770,2211,2026,2467,597,65536,0,0,0
662,1505,2118,1761,2374,597,65536,0,0,0
663,2231,1629,2487,1885,597,65536,0,0,0
664,3967,1149,4223,1405,597,65536,0,0,0
665,2013,1344,2269,1600,597,65536,0,0,0
666,2905,1216,3161,1472,597,65536,0,0,0
667,3141,2180,3397,2436,597,65536,0,0,0
668,2485,1470,2741,1726,597,65536,0,0,0
669,3236,1346,3492,1602,597,65536,0,0,0
670,1812,1765,2068,2021,598,62092,3444,0,0
671,3090,1845,3346,2101,598,61392,4144,0,0
672,3756,978,4012,1234,598,65536,0,0,0
673,1627,1089,1883,1345,598,65536,0,0,0
674,3860,2049,4116,2305,598,65536,0,0,0
675,2957,1849,3213,2105,598,61372,4164,0,0
676,1964,1001,2220,1257,598,65536,0,0,0
677,3776,2020,4032,2276,598,65536,0,0,0
678,3001,2278,3257,2534,598,65536,0,0,0
679,1363,1534,1619,1790,598,65536,0,0,0
680,1229,1163,1485,1419,653,65536,0,0,0
681,3055,2013,3311,2269,653,65536,0,0,0
682,2631,1894,2887,2150,653,65536,0,0,0
683,1864,1673,2120,1929,653,65536,0,0,0
684,2502,1615,2758,1871,653,65536,0,0,0
685,3147,1238,3403,1494,653,65536,0,0,0
686,2552,2506,2808,2762,653,65536,0,0,0
687,3827,876,4083,1132,653,65536,0,0,0
688,3766,1888,4022,2144,653,65536,0,0,0
689,1633,1757,1889,2013,653,65536,0,0,0
690,2335,893,2591,1149,666,65536,0,0,0
691,2880,1146,3136,1402,666,65536,0,0,0
692,3588,1245,3844,1501,666,65170,0,366,0
693,2698,2515,2954,2771,666,65536,0,0,0
694,1362,1804,1618,2060,666,65536,0,0,0
695,2624,2049,2880,2305,666,65536,0,0,0
696,2967,1842,3223,2098,666,65536,0,0,0
697,3810,2131,4066,2387,666,65536,0,0,0
698,2056,2480,2312,2736,666,65536,0,0,0
699,3857,1407,4113,1663,666,65536,0,0,0
700,1736,2143,1992,2399,672,65536,0,0,0
701,1122,1454,1378,1710,672,65536,0,0,0
702,3128,2216,3384,2472,672,65536,0,0,0
703,1609,2112,1865,2368,672,65536,0,0,0
704,1268,992,1524,1248,672,65536,0,0,0
705,1980,1226,2236,1482,672,65536,0,0,0
706,2264,1570,2520,1826,672,65536,0,0,0
707,2367,2415,2623,2671,672,65536,0,0,0
708,3306,1367,3562,1623,672,65536,0,0,0
709,1653,1556,1909,1812,672,65536,0,0,0
710,1418,1759,1674,2015,695,65536,0,0,0
711,1528,1718,1784,1974,695,65536,0,0,0
712,1794,1103,2050,1359,695,63024,0,2512,0
713,3694,1919,3950,2175,695,65536,0,0,0
714,2403,2067,2659,2323,695,65490,0,46,0
715,2521,1483,2777,1739,695,65536,0,0,0
716,2338,948,2594,1204,695,64508,0,1028,0
717,1752,959,2008,1215,695,65536,0,0,0
718,3099,1985,3355,2241,695,64268,0,1268,0
719,3550,900,3806,1156,695,65536,0,0,0
720,2933,2028,3189,2284,697,65536,0,0,0
721,1191,885,1447,1141,697,65536,0,0,0
722,2710,1006,2966,1262,697,65536,0,0,0
723,1178,1881,1434,2137,697,65536,0,0,0
724,2499,2433,2755,2689,697,65536,0,0,0
725,2749,1344,3005,1600,697,65536,0,0,0
726,2735,2425,2991,2681,697,65536,0,0,0
727,2471,2441,2727,2697,697,65536,0,0,0
728,1855,1308,2111,1564,697,65536,0,0,0
729,2298,2331,2554,2587,697,65536,0,0,0
730,1993,1957,2249,2213,744,65536,0,0,0
731,2174,1367,2430,1623,744,64026,0,1510,0
732,1182,1623,1438,1879,744,65536,0,0,0
733,3157,2025,3413,2281,744,65536,0,0,0
734,1959,2308,2215,2564,744,65536,0,0,0
735,3056,1711,3312,1967,744,65536,0,0,0
736,2549,1809,2805,2065,744,65536,0,0,0
737,3097,1026,3353,1282,744,65536,0,0,0
738,3578,932,3834,1188,744,65536,0,0,0
739,2369,2094,2625,2350,744,63148,0,2388,0
740,3134,1648,3390,1904,787,64928,0,608,0
741,3748,1974,4004,2230,787,65536,0,0,0
742,2362,1569,2618,1825,787,65536,0,0,0
743,3120,1754,3376,2010,787,65536,0,0,0
744,2354,1029,2610,1285,787,65536,0,0,0
745,3368,1967,3624,2223,787,61448,0,4088,0
746,2486,1857,2742,2113,787,65536,0,0,0
747,3322,1655,3578,1911,787,62950,0,2586,0
748,3597,956,3853,1212,787,65536,0,0,0
749,3900,2013,4156,2269,787,65536,0,0,0
750,3232,1688,3488,1944,788,65536,0,0,0
751,1194,1825,1450,2081,788,65536,0,0,0
752,2835,1734,3091,1990,788,62582,2954,0,0
753,1760,1362,2016,1618,788,65536,0,0,0
754,2204,2371,2460,2627,788,65536,0,0,0
755,1893,1292,2149,1548,788,65536,0,0,0
756,1599,2070,1855,2326,788,65536,0,0,0
757,1440,1918,1696,2174,788,65536,0,0,0
758,1804,2494,2060,2750,788,65536,0,0,0
759,3207,923,3463,1179,788,65536,0,0,0
760,1145,2522,1401,2778,790,65536,0,0,0
761,3821,909,4077,1165,790,65536,0,0,0
762,3313,2248,3569,2504,790,65536,0,0,0
763,1868,2359,2124,2615,790,65536,0,0,0
764,2596,2471,2852,2727,790,65536,0,0,0
765,3148,1951,3404,2207,790,65536,0,0,0
766,1755,2300,2011,2556,790,65536,0,0,0
767,3632,1054,3888,1310,790,65536,0,0,0
768,1420,1691,1676,1947,790,65536,0,0,0
769,2034,1038,2290,1294,790,65536,0,0,0
770,1184,1746,1440,2002,791,65536,0,0,0
771,3734,2448,3990,2704,791,65536,0,0,0
772,3273,1890,3529,2146,791,65536,0,0,0
773,3533,1773,3789,2029,791,65536,0,0,0
774,2127,1558,2383,1814,791,65536,0,0,0
775,2623,1459,2879,1715,791,65536,0,0,0
776,1135,2094,1391,2350,791,65536,0,0,0
777,3126,2016,3382,2272,791,65536,0,0,0
778,1244,1776,1500,2032,791,65536,0,0,0
779,2043,2290,2299,2546,791,65536,0,0,0
780,2870,1073,3126,1329,792,65536,0,0,0
781,1616,1463,1872,1719,792,65536,0,0,0
782,3402,1645,3658,1901,792,65536,0,0,0
783,1478,2038,1734,2294,792,65536,0,0,0
784,2263,1886,2519,2142,792,65536,0,0,0
785,2359,2341,2615,2597,792,65536,0,0,0
786,1253,2009,1509,2265,792,65536,0,0,0
787,2118,969,2374,1225,792,65536,0,0,0
788,1162,1719,1418,1975,792,65536,0,0,0
789,2281,851,2537,1107,792,65536,0,0,0
790,3632,2360,3888,2616,818,65536,0,0,0
791,1257,1077,1513,1333,818,65536,0,0,0
792,2746,1713,3002,1969,818,65536,0,0,0
793,3098,1897,3354,2153,818,65536,0,0,0
794,1482,2201,1738,2457,818,65536,0,0,0
795,1811,2455,2067,2711,818,65536,0,0,0
796,3048,1459,3304,1715,818,65536,0,0,0
797,2365,1995,2621,2251,818,65536,0,0,0
798,3166,1841,3422,2097,818,65536,0,0,0
799,2970,1642,3226,1898,818,65536,0,0,0
800,3507,1935,3763,2191,819,65536,0,0,0
801,2720,1265,2976,1521,819,65536,0,0,0
802,3840,1175,4096,1431,819,65536,0,0,0
803,2027,963,2283,1219,819,65536,0,0,0
804,1863,1961,2119,2217,819,65536,0,0,0
805,1554,2030,1810,2286,819,65536,0,0,0
806,2176,2256,2432,2512,819,65536,0,0,0
807,2674,2389,2930,2645,819,65536,0,0,0
808,3725,2508,3981,2764,819,65536,0,0,0
809,2991,1939,3247,2195,819,65536,0,0,0
810,3655,2097,3911,2353,836,65536,0,0,0
811,1704,2262,1960,2518,836,65536,0,0,0
812,2819,1564,3075,1820,836,65536,0,0,0
813,1848,868,2104,1124,836,65536,0,0,0
814,1559,1423,1815,1679,836,65536,0,0,0
815,2942,1954,3198,2210,836,65536,0,0,0
816,2046,2195,2302,2451,836,65536,0,0,0
817,2853,2155,3109,2411,836,65536,0,0,0
818,2687,1707,2943,1963,836,65536,0,0,0
819,2048,2279,2304,2535,836,65536,0,0,0
820,2013,874,2269,1130,855,65536,0,0,0
821,3508,1373,3764,1629,855,65536,0,0,0
822,2850,1611,3106,1867,855,65536,0,0,0
823,2118,1395,2374,1651,855,65048,0,488,0
824,3770,1206,4026,1462,855,65536,0,0,0
825,2018,2482,2274,2738,855,65536,0,0,0
826,1988,1777,2244,2033,855,65536,0,0,0
827,1154,1357,1410,1613,855,65536,0,0,0
828,2170,1303,2426,1559,855,61840,0,3696,0
829,2658,2335,2914,2591,855,65536,0,0,0
830,1514,2067,1770,2323,863,64626,0,910,0
831,3317,1877,3573,2133,863,65536,0,0,0
832,3225,2108,3481,2364,863,65536,0,0,0
833,2443,1104,2699,1360,863,64810,0,726,0
834,3026,2401,3282,2657,863,65536,0,0,0
835,1956,2315,2212,2571,863,63960,0,1576,0
836,2429,1196,2685,1452,863,64026,0,1510,0
837,2625,1305,2881,1561,863,63892,0,1644,0
838,2670,1718,2926,1974,863,65536,0,0,0
839,3238,2397,3494,2653,863,65536,0,0,0
840,2715,2254,2971,2510,880,65536,0,0,0
841,3274,1651,3530,1907,880,65536,0,0,0
842,1866,1570,2122,1826,880,65536,0,0,0
843,3852,1380,4108,1636,880,65536,0,0,0
844,1296,2023,1552,2279,880,65536,0,0,0
845,1149,2365,1405,2621,880,65536,0,0,0
846,2643,1321,2899,1577,880,65536,0,0,0
847,1853,1373,2109,1629,880,65536,0,0,0
848,1972,1447,2228,1703,880,65536,0,0,0
849,1384,1296,1640,1552,880,65536,0,0,0
850,1587,869,1843,1125,887,65536,0,0,0
851,1368,1776,1624,2032,887,65536,0,0,0
852,3132,988,3388,1244,887,65536,0,0,0
853,1460,1443,1716,1699,887,65536,0,0,0
854,2053,2446,2309,2702,887,65536,0,0,0
855,1264,1460,1520,1716,887,65536,0,0,0
856,3464,1594,3720,1850,887,65536,0,0,0
857,1652,1608,1908,1864,887,65536,0,0,0
858,3781,1188,4037,1444,887,65536,0,0,0
859,2511,1099,2767,1355,887,65536,0,0,0
860,3859,1347,4115,1603,952,65536,0,0,0
861,1284,1870,1540,2126,952,65536,0,0,0
862,2950,1727,3206,1983,952,64816,0,720,0
863,3346,1783,3602,2039,952,63426,0,2110,0
864,3195,2005,3451,2261,952,65536,0,0,0
865,2839,2255,3095,2511,952,65536,0,0,0
866,3643,988,3899,1244,952,65536,0,0,0
867,3114,1196,3370,1452,952,65536,0,0,0
868,2522,2229,2778,2485,952,65536,0,0,0
869,2902,2022,3158,2278,952,65536,0,0,0
870,3821,1182,4077,1438,954,65536,0,0,0
871,2474,2489,2730,2745,954,65536,0,0,0
872,1823,1412,2079,1668,954,65536,0,0,0
873,3606,956,3862,1212,954,65536,0,0,0
874,2603,958,2859,1214,954,65536,0,0,0
875,3534,1889,3790,2145,954,65536,0,0,0
876,1187,1503,1443,1759,954,65536,0,0,0
877,1718,1751,1974,2007,954,65206,0,330,0
878,3948,2519,4204,2775,954,65536,0,0,0
879,3438,1922,3694,2178,954,65536,0,0,0
880,2241,1506,2497,1762,977,65536,0,0,0
881,3183,1547,3439,1803,977,65536,0,0,0
882,2620,1342,2876,1598,977,65536,0,0,0
883,3496,1736,3752,1992,977,65536,0,0,0
884,3267,864,3523,1120,977,65536,0,0,0
885,2288,1869,2544,2125,977,65536,0,0,0
886,2179,1361,2435,1617,977,65536,0,0,0
887,1533,2419,1789,2675,977,65536,0,0,0
888,3730,2267,3986,2523,977,65536,0,0,0
889,1774,1526,2030,1782,977,65536,0,0,0
890,1481,1823,1737,2079,1009,65536,0,0,0
891,3252,2064,3508,2320,1009,65536,0,0,0
892,3944,2393,4200,2649,1009,65536,0,0,0
893,3284,1470,3540,1726,1009,65536,0,0,0
894,1986,999,2242,1255,1009,65536,0,0,0
895,3152,1608,3408,1864,1009,65536,0,0,0
896,2132,958,2388,1214,1009,65536,0,0,0
897,2971,1995,3227,2251,1009,65536,0,0,0
898,3691,1779,3947,2035,1009,65536,0,0,0
899,1384,1417,1640,1673,1009,65536,0,0,0
900,1256,2407,1512,2663,1031,65536,0,0,0
901,3251,2273,3507,2529,1031,65536,0,0,0
902,1563,1658,1819,1914,1031,65536,0,0,0
903,3730,2276,3986,2532,1031,65536,0,0,0
904,1459,2421,1715,2677,1031,65536,0,0,0
905,3787,2449,4043,2705,1031,65536,0,0,0
906,2250,1411,2506,1667,1031,65536,0,0,0
907,3955,1737,4211,1993,1031,65536,0,0,0
908,3372,1448,3628,1704,1031,65536,0,0,0
909,2068,1456,2324,1712,1031,65536,0,0,0
910,3750,880,4006,1136,1032,65536,0,0,0
911,3382,1703,3638,1959,1032,65536,0,0,0
912,2478,1696,2734,1952,1032,65536,0,0,0
913,3937,1174,4193,1430,1032,65536,0,0,0
914,3424,1868,3680,2124,1032,65536,0,0,0
915,1244,2042,1500,2298,1032,65462,74,0,0
916,3405,1272,3661,1528,1032,65536,0,0,0
917,2603,1393,2859,1649,1032,65536,0,0,0
918,3299,2142,3555,2398,1032,65434,102,0,0
919,3147,1992,3403,2248,1032,65536,0,0,0
920,1140,2424,1396,2680,1033,65536,0,0,0
921,1290,2404,1546,2660,1033,65536,0,0,0
922,3526,963,3782,1219,1033,65536,0,0,0
923,3869,1395,4125,1651,1033,65536,0,0,0
924,3299,1425,3555,1681,1033,65536,0,0,0
925,3272,2435,3528,2691,1033,65536,0,0,0
926,3158,1976,3414,2232,1033,65536,0,0,0
927,2743,1581,2999,1837,1033,65536,0,0,0
928,2213,1984,2469,2240,1033,65536,0,0,0
929,1775,2332,2031,2588,1033,65536,0,0,0
930,1500,1285,1756,1541,1037,65536,0,0,0
931,3476,2174,3732,2430,1037,65536,0,0,0
932,1638,1730,1894,1986,1037,65536,0,0,0
933,3157,2059,3413,2315,1037,65536,0,0,0
934,1933,2228,2189,2484,1037,65536,0,0,0
935,2521,875,2777,1131,1037,65536,0,0,0
936,3100,1211,3356,1467,1037,65536,0,0,0
937,1928,1782,2184,2038,1037,65536,0,0,0
938,2857,1814,3113,2070,1037,65536,0,0,0
939,2510,1074,2766,1330,1037,65536,0,0,0
940,2127,1919,2383,2175,1039,65536,0,0,0
941,1185,2150,1441,2406,1039,65536,0,0,0
942,3007,845,3263,1101,1039,65536,0,0,0
943,2275,838,2531,1094,1039,65536,0,0,0
944,2260,1444,2516,1700,1039,65536,0,0,0
945,2755,1306,3011,1562,1039,65536,0,0,0
946,1398,1794,1654,2050,1039,65536,0,0,0
947,2554,865,2810,1121,1039,65536,0,0,0
948,2131,1306,2387,1562,1039,65536,0,0,0
949,2028,1934,2284,2190,1039,65536,0,0,0
950,1545,1152,1801,1408,1089,65536,0,0,0
951,1625,2282,1881,2538,1089,65536,0,0,0
952,3686,1973,3942,2229,1089,65536,0,0,0
953,1498,1847,1754,2103,1089,65536,0,0,0
954,3601,1528,3857,1784,1089,65536,0,0,0
955,2375,1192,2631,1448,1089,65536,0,0,0
956,2576,867,2832,1123,1089,65536,0,0,0
957,3715,2336,3971,2592,1089,65536,0,0,0
958,3526,1446,3782,1702,1089,65536,0,0,0
959,3906,2181,4162,2437,1089,65536,0,0,0
960,2519,1053,2775,1309,1090,64643,893,0,0
961,2082,1144,2338,1400,1090,65027,0,509,0
962,2910,1437,3166,1693,1090,65536,0,0,0
963,3983,877,4239,1133,1090,65536,0,0,0
964,2351,2152,2607,2408,1090,65536,0,0,0
965,1374,1356,1630,1612,1090,65536,0,0,0
966,2337,1590,2593,1846,1090,65536,0,0,0
967,2429,1022,2685,1278,1090,64625,911,0,0
968,3696,2292,3952,2548,1090,65536,0,0,0
969,1195,1039,1451,1295,1090,65536,0,0,0
970,1854,934,2110,1190,1091,65536,0,0,0
971,1640,1949,1896,2205,1091,65536,0,0,0
972,2876,1684,3132,1940,1091,65536,0,0,0
973,1343,2192,1599,2448,1091,65536,0,0,0
974,2891,2407,3147,2663,1091,65536,0,0,0
975,2210,2494,2466,2750,1091,65536,0,0,0
976,3204,2127,3460,2383,1091,65536,0,0,0
977,2133,2465,2389,2721,1091,65536,0,0,0
978,2248,2190,2504,2446,1091,65536,0,0,0
979,1238,1298,1494,1554,1091,65536,0,0,0
980,1365,2090,1621,2346,1092,65536,0,0,0
981,2574,1985,2830,2241,1092,65536,0,0,0
982,3874,2005,4130,2261,1092,65536,0,0,0
983,2103,2477,2359,2733,1092,65536,0,0,0
984,1994,2490,2250,2746,1092,65536,0,0,0
985,2190,964,2446,1220,1092,65536,0,0,0
986,2099,2328,2355,2584,1092,65536,0,0,0
987,2038,1824,2294,2080,1092,65536,0,0,0
988,1715,1118,1971,1374,1092,65536,0,0,0
989,2335,1721,2591,1977,1092,65536,0,0,0
990,3790,1982,4046,2238,1101,65536,0,0,0
991,1691,2079,1947,2335,1101,65536,0,0,0
992,1681,2220,1937,2476,1101,65536,0,0,0
993,1567,1773,1823,2029,1101,65536,0,0,0
994,1436,1919,1692,2175,1101,65536,0,0,0
995,2672,2376,2928,2632,1101,65536,0,0,0
996,3060,1150,3316,1406,1101,65536,0,0,0
997,1360,2289,1616,2545,1101,65536,0,0,0
998,2728,2381,2984,2637,1101,65536,0,0,0
999,2010,2492,2266,2748,1101,65536,0,0,0
1000,1257,1933,1513,2189,1102,65536,0,0,0
1001,2127,2195,2383,2451,1102,65536,0,0,0
1002,3756,2455,4012,2711,1102,65536,0,0,0
1003,2506,1066,2762,1322,1102,65536,0,0,0
1004,3346,1852,3602,2108,1102,65536,0,0,0
1005,1198,1054,1454,1310,1102,65536,0,0,0
1006,1141,2301,1397,2557,1102,65536,0,0,0
1007,3848,1819,4104,2075,1102,65536,0,0,0
1008,3868,2296,4124,2552,1102,65536,0,0,0
1009,2984,2000,3240,2256,1102,65536,0,0,0
1010,3070,1722,3326,1978,1103,65536,0,0,0
1011,1473,1544,1729,1800,1103,65536,0,0,0
1012,2838,1709,3094,1965,1103,65536,0,0,0
1013,3232,1809,3488,2065,1103,65536,0,0,0
1014,3530,1846,3786,2102,1103,65536,0,0,0
1015,3857,1592,4113,1848,1103,65536,0,0,0
1016,2825,1400,3081,1656,1103,65536,0,0,0
1017,2821,1989,3077,2245,1103,65536,0,0,0
1018,3525,973,3781,1229,1103,65536,0,0,0
1019,1160,1877,1416,2133,1103,65536,0,0,0
1020,1967,1528,2223,1784,1198,65536,0,0,0
1021,1479,2437,1735,2693,1198,65536,0,0,0
1022,2276,2147,2532,2403,1198,65536,0,0,0
1023,3241,1103,3497,1359,1198,65536,0,0,0
1024,1947,2214,2203,2470,1198,65536,0,0,0
1025,2747,937,3003,1193,1198,65536,0,0,0
1026,1580,948,1836,1204,1198,65536,0,0,0
1027,2032,1439,2288,1695,1198,65536,0,0,0
1028,3393,2462,3649,2718,1198,65536,0,0,0
1029,1313,2145,1569,2401,1198,65536,0,0,0
1030,2708,1108,2964,1364,1241,65536,0,0,0
1031,3803,1805,4059,2061,1241,65536,0,0,0
1032,2688,866,2944,1122,1241,65536,0,0,0
1033,2264,1219,2520,1475,1241,65536,0,0,0
1034,1517,1894,1773,2150,1241,65536,0,0,0
1035,2360,1474,2616,1730,1241,65536,0,0,0
1036,3838,2108,4094,2364,1241,65536,0,0,0
1037,1791,926,2047,1182,1241,65536,0,0,0
1038,2329,2461,2585,2717,1241,65536,0,0,0
1039,3290,2106,3546,2362,1241,65536,0,0,0
1040,3552,2230,3808,2486,1328,65536,0,0,0
1041,3605,1211,3861,1467,1328,65536,0,0,0
1042,3624,2313,3880,2569,1328,65536,0,0,0
1043,2208,936,2464,1192,1328,65536,0,0,0
1044,3037,1072,3293,1328,1328,65536,0,0,0
1045,2082,1568,2338,1824,1328,65536,0,0,0
1046,2864,2253,3120,2509,1328,65536,0,0,0
1047,2292,1244,2548,1500,1328,65536,0,0,0
1048,2416,1294,2672,1550,1328,65536,0,0,0
1049,3135,2325,3391,2581,1328,65536,0,0,0
1050,1700,1374,1956,1630,1340,65536,0,0,0
1051,2718,1925,2974,2181,1340,65536,0,0,0
1052,3312,2352,3568,2608,1340,65536,0,0,0
1053,2952,1353,3208,1609,1340,65536,0,0,0
1054,1828,1018,2084,1274,1340,65536,0,0,0
1055,3182,2113,3438,2369,1340,65536,0,0,0
1056,1887,1531,2143,1787,1340,65536,0,0,0
1057,3567,1552,3823,1808,1340,65536,0,0,0
1058,2281,2520,2537,2776,1340,65536,0,0,0
1059,3986,1374,4242,1630,1340,65536,0,0,0
1060,3938,2413,4194,2669,1341,65536,0,0,0
1061,3762,2135,4018,2391,1341,65536,0,0,0
1062,2989,2244,3245,2500,1341,65536,0,0,0
1063,2883,2195,3139,2451,1341,65536,0,0,0
1064,2995,1070,3251,1326,1341,65072,464,0,0
1065,3739,1688,3995,1944,1341,65536,0,0,0
1066,2367,2228,2623,2484,1341,65536,0,0,0
1067,3464,1182,3720,1438,1341,65536,0,0,0
1068,3615,2155,3871,2411,1341,65536,0,0,0
1069,2745,1445,3001,1701,1341,65536,0,0,0
1070,3336,1926,3592,2182,1351,65536,0,0,0
1071,3018,1317,3274,1573,1351,65536,0,0,0
1072,2747,2226,3003,2482,1351,65536,0,0,0
1073,2390,2311,2646,2567,1351,65536,0,0,0
1074,3566,1911,3822,2167,1351,65536,0,0,0
1075,3694,1065,3950,1321,1351,65536,0,0,0
1076,1473,2413,1729,2669,1351,65536,0,0,0
1077,2474,1328,2730,1584,1351,65536,0,0,0
1078,1277,1364,1533,1620,1351,65536,0,0,0
1079,2444,2032,2700,2288,1351,65536,0,0,0
1080,1451,2060,1707,2316,1391,65536,0,0,0
1081,2717,1122,2973,1378,1391,65536,0,0,0
1082,2527,1895,2783,2151,1391,65536,0,0,0
1083,2080,1549,2336,1805,1391,65536,0,0,0
1084,3727,968,3983,1224,1391,65536,0,0,0
1085,3370,1933,3626,2189,1391,65536,0,0,0
1086,3763,2115,4019,2371,1391,65536,0,0,0
1087,3207,960,3463,1216,1391,65536,0,0,0
1088,3916,2200,4172,2456,1391,65536,0,0,0
1089,3917,1669,4173,1925,1391,65536,0,0,0
1090,1209,2402,1465,2658,1393,65536,0,0,0
1091,3599,864,3855,1120,1393,65536,0,0,0
1092,1924,2279,2180,2535,1393,65536,0,0,0
1093,3144,2255,3400,2511,1393,65536,0,0,0
1094,3265,855,3521,1111,1393,65536,0,0,0
1095,2623,2442,2879,2698,1393,65536,0,0,0
1096,2445,2022,2701,2278,1393,65536,0,0,0
1097,2732,1787,2988,2043,1393,65536,0,0,0
1098,1332,1621,1588,1877,1393,65536,0,0,0
1099,1863,1280,2119,1536,1393,65536,0,0,0
1100,2119,2077,2375,2333,1394,65536,0,0,0
1101,1838,1061,2094,1317,1394,64366,1170,0,0
1102,1121,1679,1377,1935,1394,65536,0,0,0
1103,3527,2328,3783,2584,1394,65536,0,0,0
1104,3730,2088,3986,2344,1394,65536,0,0,0
1105,2653,2009,2909,2265,1394,65536,0,0,0
1106,2163,2116,2419,2372,1394,65536,0,0,0
1107,1935,975,2191,1231,1394,65536,0,0,0
1108,3050,2431,3306,2687,1394,65536,0,0,0
1109,1813,1336,2069,1592,1394,65536,0,0,0
1110,1289,2394,1545,2650,1404,65536,0,0,0
1111,2187,2211,2443,2467,1404,65536,0,0,0
1112,1704,914,1960,1170,1404,65536,0,0,0
1113,3164,1110,3420,1366,1404,65536,0,0,0
1114,3807,918,4063,1174,1404,65536,0,0,0
1115,1243,937,1499,1193,1404,65536,0,0,0
1116,2121,2433,2377,2689,1404,65536,0,0,0
1117,1792,1091,2048,1347,1404,65536,0,0,0
1118,2915,2461,3171,2717,1404,65536,0,0,0
1119,2230,1869,2486,2125,1404,65536,0,0,0
1120,1328,2274,1584,2530,1405,65536,0,0,0
1121,1510,2034,1766,2290,1405,65536,0,0,0
1122,3665,1279,3921,1535,1405,65536,0,0,0
1123,3362,1027,3618,1283,1405,65536,0,0,0
1124,3561,1588,3817,1844,1405,65536,0,0,0
1125,3657,2131,3913,2387,1405,65536,0,0,0
1126,1485,1275,1741,1531,1405,65536,0,0,0
1127,1507,1106,1763,1362,1405,65536,0,0,0
1128,1135,1821,1391,2077,1405,65536,0,0,0
1129,2855,2270,3111,2526,1405,65536,0,0,0
1130,2882,1691,3138,1947,1409,65536,0,0,0
1131,2065,1531,2321,1787,1409,65536,0,0,0
1132,1637,1060,1893,1316,1409,65536,0,0,0
1133,2670,1488,2926,1744,1409,65536,0,0,0
1134,1200,2216,1456,2472,1409,65536,0,0,0
1135,1864,2423,2120,2679,1409,65536,0,0,0
1136,3692,2053,3948,2309,1409,65536,0,0,0
1137,2687,1855,2943,2111,1409,65536,0,0,0
1138,3306,1918,3562,2174,1409,65536,0,0,0
1139,2365,2363,2621,2619,1409,65536,0,0,0
1140,2804,986,3060,1242,1410,64042,1494,0,0
1141,3148,2228,3404,2484,1410,65536,0,0,0
1142,2594,1610,2850,1866,1410,65536,0,0,0
1143,2967,1007,3223,1263,1410,65259,277,0,0
1144,3562,983,3818,1239,1410,65536,0,0,0
1145,2162,2424,2418,2680,1410,65536,0,0,0
1146,1857,2071,2113,2327,1410,65536,0,0,0
1147,3983,2427,4239,2683,1410,65536,0,0,0
1148,2989,845,3245,1101,1410,65536,0,0,0
1149,1512,1473,1768,1729,1410,65536,0,0,0
1150,2494,1322,2750,1578,1411,65536,0,0,0
1151,3755,2503,4011,2759,1411,65536,0,0,0
1152,2437,932,2693,1188,1411,65536,0,0,0
1153,3550,1955,3806,2211,1411,65536,0,0,0
1154,1759,1642,2015,1898,1411,65536,0,0,0
1155,3148,1725,3404,1981,1411,65536,0,0,0
1156,2595,1177,2851,1433,1411,65536,0,0,0
1157,3374,1725,3630,1981,1411,65536,0,0,0
1158,1654,2117,1910,2373,1411,65536,0,0,0
1159,2818,2404,3074,2660,1411,65536,0,0,0
1160,2868,960,3124,1216,1415,65536,0,0,0
1161,1447,1378,1703,1634,1415,65536,0,0,0
1162,2583,1260,2839,1516,1415,65536,0,0,0
1163,3097,2287,3353,2543,1415,65536,0,0,0
1164,1743,2359,1999,2615,1415,65536,0,0,0
1165,3790,1962,4046,2218,1415,65536,0,0,0
1166,2785,2410,3041,2666,1415,65536,0,0,0
1167,3826,1375,4082,1631,1415,65536,0,0,0
1168,3716,2521,3972,2777,1415,65536,0,0,0
1169,2193,2111,2449,2367,1415,65536,0,0,0
1170,3992,867,4248,1123,1416,65536,0,0,0
1171,3253,1121,3509,1377,1416,65536,0,0,0
1172,3519,1531,3775,1787,1416,65536,0,0,0
1173,2027,1325,2283,1581,1416,65536,0,0,0
1174,2467,1294,2723,1550,1416,64060,1476,0,0
1175,2008,2366,2264,2622,1416,65536,0,0,0
1176,1482,2022,1738,2278,1416,65536,0,0,0
1177,3697,1702,3953,1958,1416,65536,0,0,0
1178,1434,1578,1690,1834,1416,65536,0,0,0
1179,1235,2389,1491,2645,1416,65536,0,0,0
1180,2172,2037,2428,2293,1438,65536,0,0,0
1181,3568,1592,3824,1848,1438,65536,0,0,0
1182,1972,1217,2228,1473,1438,65536,0,0,0
1183,1446,1957,1702,2213,1438,65536,0,0,0
1184,3698,2090,3954,2346,1438,65536,0,0,0
1185,1816,1255,2072,1511,1438,65536,0,0,0
1186,2606,1243,2862,1499,1438,65536,0,0,0
1187,1481,2287,1737,2543,1438,65536,0,0,0
1188,1478,1799,1734,2055,1438,65536,0,0,0
1189,1243,1370,1499,1626,1438,65536,0,0,0
1190,3386,2253,3642,2509,1478,65536,0,0,0
1191,2074,2318,2330,2574,1478,65536,0,0,0
1192,1187,2453,1443,2709,1478,65536,0,0,0
1193,2182,2305,2438,2561,1478,65536,0,0,0
1194,2957,2080,3213,2336,1478,65536,0,0,0
1195,1617,1579,1873,1835,1478,65536,0,0,0
1196,3052,1841,3308,2097,1478,65536,0,0,0
1197,2500,1242,2756,1498,1478,65536,0,0,0
1198,2390,1953,2646,2209,1478,65536,0,0,0
1199,3300,1928,3556,2184,1478,65536,0,0,0
1200,2419,1340,2675,1596,1494,65536,0,0,0
1201,2483,1041,2739,1297,1494,65536,0,0,0
1202,1428,1467,1684,1723,1494,65536,0,0,0
1203,2370,2073,2626,2329,1494,65536,0,0,0
1204,2480,1109,2736,1365,1494,65536,0,0,0
1205,2042,1961,2298,2217,1494,65536,0,0,0
1206,3228,2166,3484,2422,1494,65536,0,0,0
1207,2493,1939,2749,2195,1494,65536,0,0,0
1208,2058,923,2314,1179,1494,65536,0,0,0
1209,2835,1023,3091,1279,1494,65536,0,0,0
1210,1384,847,1640,1103,1495,65536,0,0,0
1211,3398,2004,3654,2260,1495,65536,0,0,0
1212,1329,1988,1585,2244,1495,65536,0,0,0
1213,2792,2060,3048,2316,1495,65536,0,0,0
1214,2361,1136,2617,1392,1495,64208,1328,0,0
1215,3271,1183,3527,1439,1495,65536,0,0,0
1216,3425,1949,3681,2205,1495,65536,0,0,0
1217,3503,2018,3759,2274,1495,65536,0,0,0
1218,2710,914,2966,1170,1495,65536,0,0,0
1219,2168,1415,2424,1671,1495,65536,0,0,0
1220,1970,1901,2226,2157,1521,65536,0,0,0
1221,2327,1452,2583,1708,1521,65536,0,0,0
1222,1612,2279,1868,2535,1521,64692,0,844,0
1223,1215,1876,1471,2132,1521,65536,0,0,0
1224,2240,2286,2496,2542,1521,65536,0,0,0
1225,3643,2298,3899,2554,1521,65536,0,0,0
1226,3812,1780,4068,2036,1521,65536,0,0,0
1227,2576,1548,2832,1804,1521,65536,0,0,0
1228,3503,1817,3759,2073,1521,65536,0,0,0
1229,2994,1394,3250,1650,1521,65536,0,0,0
1230,1532,2502,1788,2758,1602,65536,0,0,0
1231,3799,2328,4055,2584,1602,65536,0,0,0
1232,3344,2399,3600,2655,1602,65536,0,0,0
1233,1608,2054,1864,2310,1602,65536,0,0,0
1234,3408,2142,3664,2398,1602,65536,0,0,0
1235,1321,1198,1577,1454,1602,65536,0,0,0
1236,3012,2429,3268,2685,1602,65536,0,0,0
1237,2399,2082,2655,2338,1602,65536,0,0,0
1238,1586,1953,1842,2209,1602,65536,0,0,0
1239,3454,1607,3710,1863,1602,65536,0,0,0
1240,2989,1634,3245,1890,1764,65536,0,0,0
1241,3468,1345,3724,1601,1764,65536,0,0,0
1242,3871,1503,4127,1759,1764,65536,0,0,0
1243,3878,1235,4134,1491,1764,65536,0,0,0
1244,1261,2258,1517,2514,1764,65536,0,0,0
1245,3170,1865,3426,2121,1764,65536,0,0,0
1246,2110,886,2366,1142,1764,65536,0,0,0
1247,3272,1649,3528,1905,1764,65536,0,0,0
1248,2398,1561,2654,1817,1764,65536,0,0,0
1249,3383,1796,3639,2052,1764,65536,0,0,0
1250,2171,1025,2427,1281,2005,65536,0,0,0
1251,2696,1706,2952,1962,2005,65536,0,0,0
1252,1948,1831,2204,2087,2005,65536,0,0,0
1253,3325,1213,3581,1469,2005,65536,0,0,0
1254,2280,2209,2536,2465,2005,65536,0,0,0
1255,2238,1641,2494,1897,2005,65536,0,0,0
1256,1993,2478,2249,2734,2005,65536,0,0,0
1257,3553,2143,3809,2399,2005,65536,0,0,0
1258,2549,2060,2805,2316,2005,65536,0,0,0
1259,1222,2286,1478,2542,2005,65536,0,0,0
1260,2473,2071,2729,2327,2040,65536,0,0,0
1261,1802,2127,2058,2383,2040,65536,0,0,0
1262,2689,1144,2945,1400,2040,65536,0,0,0
1263,2768,1296,3024,1552,2040,65536,0,0,0
1264,1297,1853,1553,2109,2040,65140,0,396,0
1265,1261,1839,1517,2095,2040,65215,0,321,0
1266,2561,2376,2817,2632,2040,65536,0,0,0
1267,2144,2116,2400,2372,2040,65536,0,0,0
1268,2314,1184,2570,1440,2040,65536,0,0,0
1269,1134,2363,1390,2619,2040,65536,0,0,0
1270,1871,921,2127,1177,2044,65536,0,0,0
1271,2981,2479,3237,2735,2044,65536,0,0,0
1272,1640,1458,1896,1714,2044,65536,0,0,0
1273,3430,1956,3686,2212,2044,65536,0,0,0
1274,2916,1394,3172,1650,2044,65536,0,0,0
1275,1644,928,1900,1184,2044,65536,0,0,0
1276,1805,2489,2061,2745,2044,65536,0,0,0
1277,1135,2351,1391,2607,2044,65536,0,0,0
1278,1214,1380,1470,1636,2044,65536,0,0,0
1279,1498,1584,1754,1840,2044,65536,0,0,0
1280,3715,1500,3971,1756,2046,65536,0,0,0
1281,3074,1610,3330,1866,2046,65536,0,0,0
1282,3235,886,3491,1142,2046,65536,0,0,0
1283,3955,2467,4211,2723,2046,65536,0,0,0
1284,1399,1481,1655,1737,2046,65536,0,0,0
1285,3880,990,4136,1246,2046,65536,0,0,0
1286,3619,1563,3875,1819,2046,65536,0,0,0
1287,2380,864,2636,1120,2046,65536,0,0,0
1288,1173,1739,1429,1995,2046,65536,0,0,0
1289,1947,1723,2203,1979,2046,65536,0,0,0
1290,1444,2336,1700,2592,2047,65536,0,0,0
1291,3117,1575,3373,1831,2047,65536,0,0,0
1292,2595,1964,2851,2220,2047,63835,1701,0,0
1293,2353,1144,2609,1400,2047,65536,0,0,0
1294,3093,2212,3349,2468,2047,63935,1601,0,0
1295,3718,2028,3974,2284,2047,65536,0,0,0
1296,3428,1620,3684,1876,2047,65536,0,0,0
1297,1451,2021,1707,2277,2047,65536,0,0,0
1298,2488,2150,2744,2406,2047,64141,1395,0,0
1299,2757,1376,3013,1632,2047,65536,0,0,0
1300,2846,994,3102,1250,2085,65536,0,0,0
1301,3871,1744,4127,2000,2085,65536,0,0,0
1302,3063,2228,3319,2484,2085,65536,0,0,0
1303,2637,2517,2893,2773,2085,65536,0,0,0
1304,2490,1172,2746,1428,2085,65536,0,0,0
1305,3697,2339,3953,2595,2085,65536,0,0,0
1306,2509,1509,2765,1765,2085,65536,0,0,0
1307,3037,1377,3293,1633,2085,65536,0,0,0
1308,3175,1448,3431,1704,2085,65536,0,0,0
1309,2449,2014,2705,2270,2085,65536,0,0,0
1310,3804,1605,4060,1861,2093,65536,0,0,0
1311,2442,1291,2698,1547,2093,65536,0,0,0
1312,2206,1512,2462,1768,2093,65536,0,0,0
1313,2153,1313,2409,1569,2093,65536,0,0,0
1314,2462,1865,2718,2121,2093,65536,0,0,0
1315,3304,1379,3560,1635,2093,65536,0,0,0
1316,1473,1904,1729,2160,2093,65536,0,0,0
1317,1946,1442,2202,1698,2093,65536,0,0,0
1318,1197,1482,1453,1738,2093,65536,0,0,0
1319,2242,1148,2498,1404,2093,65536,0,0,0
1320,2842,1997,3098,2253,2095,65536,0,0,0
1321,3725,907,3981,1163,2095,65536,0,0,0
1322,2684,2420,2940,2676,2095,65536,0,0,0
1323,3687,2398,3943,2654,2095,65536,0,0,0
1324,2926,878,3182,1134,2095,65536,0,0,0
1325,2732,2234,2988,2490,2095,65536,0,0,0
1326,3887,1885,4143,2141,2095,65536,0,0,0
1327,3002,855,3258,1111,2095,65536,0,0,0
1328,3672,1671,3928,1927,2095,65536,0,0,0
1329,1893,2229,2149,2485,2095,65536,0,0,0
1330,1443,1819,1699,2075,2096,65536,0,0,0
1331,2031,2331,2287,2587,2096,65536,0,0,0
1332,2062,1506,2318,1762,2096,65536,0,0,0
1333,2856,1444,3112,1700,2096,65536,0,0,0
1334,2482,2528,2738,2784,2096,65536,0,0,0
1335,3533,2319,3789,2575,2096,65536,0,0,0
1336,2741,1421,2997,1677,2096,65536,0,0,0
1337,2589,1585,2845,1841,2096,65536,0,0,0
1338,3316,1340,3572,1596,2096,65536,0,0,0
1339,2534,1158,2790,1414,2096,65536,0,0,0
1340,1679,1986,1935,2242,2097,65536,0,0,0
1341,1247,2295,1503,2551,2097,65536,0,0,0
1342,1607,1418,1863,1674,2097,65536,0,0,0
1343,2705,935,2961,1191,2097,65536,0,0,0
1344,2177,1219,2433,1475,2097,61943,3593,0,0
1345,2785,2066,3041,2322,2097,65536,0,0,0
1346,1218,2454,1474,2710,2097,65536,0,0,0
1347,2980,1637,3236,1893,2097,65536,0,0,0
1348,1202,1272,1458,1528,2097,65536,0,0,0
1349,1534,1975,1790,2231,2097,64890,646,0,0
1350,1589,893,1845,1149,2098,65536,0,0,0
1351,2677,2160,2933,2416,2098,65536,0,0,0
1352,1303,1223,1559,1479,2098,65060,476,0,0
1353,1959,1689,2215,1945,2098,65536,0,0,0
1354,2105,2453,2361,2709,2098,65536,0,0,0
1355,3148,2288,3404,2544,2098,65536,0,0,0
1356,1289,2516,1545,2772,2098,65536,0,0,0
1357,3827,1667,4083,1923,2098,65536,0,0,0
1358,2060,1519,2316,1775,2098,65536,0,0,0
1359,3576,2125,3832,2381,2098,65536,0,0,0
1360,2940,848,3196,1104,2099,65536,0,0,0
1361,3196,966,3452,1222,2099,65536,0,0,0
1362,1977,933,2233,1189,2099,65335,201,0,0
1363,3406,935,3662,1191,2099,65536,0,0,0
1364,2066,1693,2322,1949,2099,65226,310,0,0
1365,3672,1906,3928,2162,2099,65536,0,0,0
1366,2585,980,2841,1236,2099,65536,0,0,0
1367,2344,1217,2600,1473,2099,65536,0,0,0
1368,2569,2047,2825,2303,2099,64978,558,0,0
1369,2373,1491,2629,1747,2099,65536,0,0,0
1370,1980,2273,2236,2529,2101,65536,0,0,0
1371,3057,1387,3313,1643,2101,65536,0,0,0
1372,2304,1843,2560,2099,2101,65536,0,0,0
1373,1860,1471,2116,1727,2101,65536,0,0,0
1374,1362,1841,1618,2097,2101,65536,0,0,0
1375,1988,1786,2244,2042,2101,65536,0,0,0
1376,2229,1893,2485,2149,2101,65536,0,0,0
1377,3968,2182,4224,2438,2101,65536,0,0,0
1378,3894,1593,4150,1849,2101,65536,0,0,0
1379,1213,1619,1469,1875,2101,65536,0,0,0
1380,2720,2413,2976,2669,2163,65536,0,0,0
1381,3051,920,3307,1176,2163,65536,0,0,0
1382,3529,1483,3785,1739,2163,65536,0,0,0
1383,2885,2341,3141,2597,2163,65536,0,0,0
1384,1145,1521,1401,1777,2163,65536,0,0,0
1385,2984,1211,3240,1467,2163,65536,0,0,0
1386,1749,2419,2005,2675,2163,65536,0,0,0
1387,2963,2508,3219,2764,2163,65536,0,0,0
1388,1304,1630,1560,1886,2163,65536,0,0,0
1389,1316,1754,1572,2010,2163,65536,0,0,0
1390,3891,1407,4147,1663,2164,65536,0,0,0
1391,1638,2056,1894,2312,2164,65536,0,0,0
1392,3058,1174,3314,1430,2164,65536,0,0,0
1393,2376,1557,2632,1813,2164,65536,0,0,0
1394,1378,1998,1634,2254,2164,65536,0,0,0
1395,2582,1757,2838,2013,2164,65536,0,0,0
1396,1610,968,1866,1224,2164,62052,3484,0,0
1397,3155,2058,3411,2314,2164,65536,0,0,0
1398,1242,1331,1498,1587,2164,65536,0,0,0
1399,3544,1541,3800,1797,2164,65536,0,0,0
1400,1205,1188,1461,1444,2169,65536,0,0,0
1401,2620,1370,2876,1626,2169,65536,0,0,0
1402,1909,1619,2165,1875,2169,65536,0,0,0
1403,2343,1884,2599,2140,2169,65536,0,0,0
1404,2118,1012,2374,1268,2169,65536,0,0,0
1405,2066,2026,2322,2282,2169,65536,0,0,0
1406,1209,1517,1465,1773,2169,65536,0,0,0
1407,1171,2289,1427,2545,2169,65536,0,0,0
1408,1642,1486,1898,1742,2169,65536,0,0,0
1409,3228,1922,3484,2178,2169,65536,0,0,0
1410,2862,893,3118,1149,2170,65536,0,0,0
1411,3035,2309,3291,2565,2170,65536,0,0,0
1412,3629,2208,3885,2464,2170,65536,0,0,0
1413,1432,1835,1688,2091,2170,64897,639,0,0
1414,1924,1866,2180,2122,2170,65536,0,0,0
1415,3747,1388,4003,1644,2170,65536,0,0,0
1416,2506,1814,2762,2070,2170,65536,0,0,0
1417,1213,920,1469,1176,2170,65536,0,0,0
1418,1576,1263,1832,1519,2170,65536,0,0,0
1419,1704,1306,1960,1562,2170,65536,0,0,0
1420,3469,2102,3725,2358,2171,65536,0,0,0
1421,3059,1176,3315,1432,2171,62833,2703,0,0
1422,3628,1216,3884,1472,2171,64062,1474,0,0
1423,3386,1152,3642,1408,2171,62239,3297,0,0
1424,3935,1276,4191,1532,2171,65536,0,0,0
1425,1250,1548,1506,1804,2171,65536,0,0,0
1426,1425,1190,1681,1446,2171,65536,0,0,0
1427,1704,1789,1960,2045,2171,65536,0,0,0
1428,3722,1609,3978,1865,2171,65536,0,0,0
1429,2096,2196,2352,2452,2171,65536,0,0,0
1430,3820,1149,4076,1405,2172,65536,0,0,0
1431,2331,930,2587,1186,2172,65536,0,0,0
1432,1155,971,1411,1227,2172,65536,0,0,0
1433,2071,1725,2327,1981,2172,65536,0,0,0
1434,3068,2343,3324,2599,2172,65536,0,0,0
1435,3252,1426,3508,1682,2172,65536,0,0,0
1436,3214,1076,3470,1332,2172,65536,0,0,0
1437,2424,1147,2680,1403,2172,65536,0,0,0
1438,3799,1289,4055,1545,2172,65536,0,0,0
1439,2963,2398,3219,2654,2172,65536,0,0,0
