,0,1,2,3
1,6107959,3129,10384,0.0
2,6103132,0,18340,0.0
3,6093309,4602,23561,0.0
4,6100608,0,20864,0.0
5,6109256,0,12216,0.0
6,6120384,0,1088,0.0
7,6119658,0,1814,0.0
8,6121472,0,0,0.0
9,6121472,0,0,0.0
10,6108695,0,12777,0.0
11,6121472,0,0,0.0
12,6090196,0,31276,0.0
13,6121472,0,0,0.0
14,6121472,0,0,0.0
15,6121472,0,0,0.0
16,6121472,0,0,0.0
17,6121472,0,0,0.0
18,6115337,6135,0,0.0
19,6121472,0,0,0.0
20,6121472,0,0,0.0
21,6116214,5258,0,0.0
22,6116323,5149,0,0.0
23,6121472,0,0,0.0
24,6121472,0,0,0.0
25,6121472,0,0,0.0
26,6109176,12296,0,0.0
27,6121472,0,0,0.0
28,6118991,2481,0,0.0
29,6121472,0,0,0.0
30,6121344,128,0,0.0
31,6120091,0,1381,0.0
32,6121472,0,0,0.0
33,6121472,0,0,0.0
34,6115477,5995,0,0.0
35,6121472,0,0,0.0
36,6121472,0,0,0.0
37,6121472,0,0,0.0
38,6107144,0,14328,0.0
39,6121472,0,0,0.0
40,6121472,0,0,0.0
41,6121472,0,0,0.0
42,6121472,0,0,0.0
43,6121472,0,0,0.0
44,6121472,0,0,0.0
45,6121472,0,0,0.0
46,6119408,0,2064,0.0
47,6117764,0,3708,0.0
48,6121472,0,0,0.0
49,6121472,0,0,0.0
50,6121472,0,0,0.0
51,6121436,0,36,0.0
52,6121472,0,0,0.0
53,6121472,0,0,0.0
54,6121472,0,0,0.0
55,6121472,0,0,0.0
56,6121472,0,0,0.0
57,6121472,0,0,0.0
58,6111664,0,9808,0.0
59,6121472,0,0,0.0
60,6121472,0,0,0.0
61,6121472,0,0,0.0
62,6121472,0,0,0.0
63,6121472,0,0,0.0
64,6121472,0,0,0.0
65,6121472,0,0,0.0
66,6121472,0,0,0.0
67,6114524,0,6948,0.0
68,6104825,0,16647,0.0
69,6114157,0,7315,0.0
70,6121472,0,0,0.0
71,6108964,0,12508,0.0
72,6121472,0,0,0.0
73,6121472,0,0,0.0
74,6101152,20320,0,0.0
75,6103760,17712,0,0.0
76,6121472,0,0,0.0
77,6121472,0,0,0.0
78,6121472,0,0,0.0
79,6121472,0,0,0.0
80,6121472,0,0,0.0
81,6121472,0,0,0.0
82,6081044,40428,0,0.0
83,6121472,0,0,0.0
84,6117356,0,4116,0.0
85,6117352,0,4120,0.0
86,6121472,0,0,0.0
87,6118572,0,2900,0.0
88,6110696,0,10776,0.0
89,6121472,0,0,0.0
90,6110636,10836,0,0.0
91,6121472,0,0,0.0
92,6121472,0,0,0.0
93,6121472,0,0,0.0
94,6118180,0,3292,0.0
95,6121472,0,0,0.0
96,6121472,0,0,0.0
97,6102284,19188,0,0.0
98,6121472,0,0,0.0
99,6121472,0,0,0.0
100,6094972,26500,0,0.0
101,6093352,28120,0,0.0
102,6121472,0,0,0.0
103,6121472,0,0,0.0
104,6121472,0,0,0.0
105,6117512,0,3960,0.0
106,6121472,0,0,0.0
107,6121472,0,0,0.0
108,6100597,20875,0,0.0
109,6121472,0,0,0.0
110,6121472,0,0,0.0
111,6117504,0,3968,0.0
112,6110196,0,11276,0.0
113,6121472,0,0,0.0
114,6116184,0,5288,0.0
115,6121472,0,0,0.0
116,6121472,0,0,0.0
117,6121472,0,0,0.0
118,6084276,37196,0,0.0
119,6121472,0,0,0.0
120,6110184,0,11288,0.0
121,6121472,0,0,0.0
122,6110644,0,10828,0.0
123,6121408,0,64,0.0
124,6121472,0,0,0.0
125,6121472,0,0,0.0
126,6121472,0,0,0.0
127,6107197,14275,0,0.0
128,6116496,4976,0,0.0
129,6121472,0,0,0.0
130,6121472,0,0,0.0
131,6121472,0,0,0.0
132,6107956,0,13516,0.0
133,6121472,0,0,0.0
134,6121472,0,0,0.0
135,6121472,0,0,0.0
136,6121472,0,0,0.0
137,6121472,0,0,0.0
138,6121472,0,0,0.0
139,6121472,0,0,0.0
140,6121472,0,0,0.0
141,6112620,0,8852,0.0
142,6121472,0,0,0.0
143,6121472,0,0,0.0
144,6121472,0,0,0.0
145,6121472,0,0,0.0
146,6121472,0,0,0.0
147,6121472,0,0,0.0
148,6121472,0,0,0.0
149,6121472,0,0,0.0
150,6121472,0,0,0.0
151,6121472,0,0,0.0
152,6121472,0,0,0.0
153,6121472,0,0,0.0
154,6121472,0,0,0.0
155,6121472,0,0,0.0
156,6121472,0,0,0.0
157,6121472,0,0,0.0
158,6121472,0,0,0.0
159,6121472,0,0,0.0
160,6121472,0,0,0.0
161,6121472,0,0,0.0
162,6121472,0,0,0.0
163,6120680,0,792,0.0
164,6121472,0,0,0.0
165,6112680,8792,0,0.0
166,6121472,0,0,0.0
167,6121472,0,0,0.0
168,6121472,0,0,0.0
169,6121472,0,0,0.0
170,6116484,0,4988,0.0
171,6121472,0,0,0.0
172,6107524,13948,0,0.0
173,6121472,0,0,0.0
174,6107072,14400,0,0.0
175,6121472,0,0,0.0
176,6115700,5772,0,0.0
177,6121472,0,0,0.0
178,6121472,0,0,0.0
179,6121472,0,0,0.0
180,6061876,0,59596,0.0
181,6121472,0,0,0.0
182,6121472,0,0,0.0
183,6121472,0,0,0.0
184,6121472,0,0,0.0
185,6105176,16296,0,0.0
186,6121472,0,0,0.0
187,6121472,0,0,0.0
188,6111164,10308,0,0.0
189,6121472,0,0,0.0
190,6121472,0,0,0.0
191,6121472,0,0,0.0
192,6108020,0,13452,0.0
193,6121472,0,0,0.0
194,6121472,0,0,0.0
195,6121472,0,0,0.0
196,6094912,26560,0,0.0
197,6099484,21988,0,0.0
198,6121472,0,0,0.0
199,6086120,35352,0,0.0
200,6114448,7024,0,0.0
201,6121472,0,0,0.0
202,6086412,0,35060,0.0
203,6105432,0,16040,0.0
204,6104084,0,17388,0.0
205,6057252,0,64220,0.0
206,6100828,0,20644,0.0
207,6067596,0,53876,0.0
208,6121472,0,0,0.0
209,6103432,0,18040,0.0
210,6103932,0,17540,0.0
211,6109316,0,12156,0.0
212,6121472,0,0,0.0
213,6121472,0,0,0.0
214,6121472,0,0,0.0
215,6121472,0,0,0.0
216,6121472,0,0,0.0
217,6096240,0,25232,0.0
218,6094952,0,26520,0.0
219,6121472,0,0,0.0
220,6121472,0,0,0.0
221,6121472,0,0,0.0
222,6121472,0,0,0.0
223,6118804,0,2668,0.0
224,6121472,0,0,0.0
225,6121472,0,0,0.0
226,6096500,0,24972,0.0
227,6058400,0,63072,0.0
228,6079660,0,41812,0.0
229,6121472,0,0,0.0
230,6097644,0,23828,0.0
231,6113580,0,7892,0.0
232,6106180,0,15292,0.0
233,6089224,0,32248,0.0
234,6053592,0,67880,0.0
235,6070496,0,50976,0.0
236,6065172,0,56300,0.0
237,6082040,32652,6780,0.0
238,6115352,6120,0,0.0
239,6121472,0,0,0.0
240,6093616,27856,0,0.0
241,6121472,0,0,0.0
242,6109980,11492,0,0.0
243,6121472,0,0,0.0
244,6069956,16636,34880,0.0
245,6070836,0,50636,0.0
246,6121472,0,0,0.0
247,6121472,0,0,0.0
248,6095864,25608,0,0.0
249,6121472,0,0,0.0
250,6121472,0,0,0.0
251,6110680,0,10792,0.0
252,6069852,0,51620,0.0
253,6098916,0,22556,0.0
254,6121472,0,0,0.0
255,6121472,0,0,0.0
256,6121472,0,0,0.0
257,6115316,0,6156,0.0
258,6101280,0,20192,0.0
259,6121472,0,0,0.0
260,6121472,0,0,0.0
261,6085832,7112,28528,0.0
262,6087508,33964,0,0.0
263,6121472,0,0,0.0
264,6084588,36884,0,0.0
265,6121472,0,0,0.0
266,6121472,0,0,0.0
267,6088236,33236,0,0.0
268,6121472,0,0,0.0
269,6121472,0,0,0.0
270,6121472,0,0,0.0
271,6106516,0,14956,0.0
272,6086844,0,34628,0.0
273,6116080,0,5392,0.0
274,6121472,0,0,0.0
275,6121472,0,0,0.0
276,6121472,0,0,0.0
277,6121472,0,0,0.0
278,6106536,0,14936,0.0
279,6079760,0,41712,0.0
280,6088412,0,33060,0.0
281,6121472,0,0,0.0
282,6121472,0,0,0.0
283,6088340,33132,0,0.0
284,6114496,6976,0,0.0
285,6088068,33404,0,0.0
286,6121472,0,0,0.0
287,6121472,0,0,0.0
288,6085956,0,35516,0.0
289,6088980,14616,17876,0.0
290,6100816,20656,0,0.0
291,6085120,36352,0,0.0
292,6106268,15204,0,0.0
293,6121472,0,0,0.0
294,6070040,51432,0,0.0
295,6076772,44700,0,0.0
296,6098720,22752,0,0.0
297,6121472,0,0,0.0
298,6121472,0,0,0.0
299,6118464,0,3008,0.0
300,6081572,0,39900,0.0
301,6118608,0,2864,0.0
302,6121472,0,0,0.0
303,6121472,0,0,0.0
304,6098212,23260,0,0.0
305,6104428,17044,0,0.0
306,6090128,31344,0,0.0
307,6112476,0,8996,0.0
308,6096820,0,24652,0.0
309,6040784,0,80688,0.0
310,6071308,0,50164,0.0
311,6100852,0,20620,0.0
312,6077688,0,43784,0.0
313,6034948,0,86524,0.0
314,6121472,0,0,0.0
315,6025480,2760,93232,0.0
316,6077504,0,43968,0.0
317,6072980,0,48492,0.0
318,6046492,0,74980,0.0
319,6067980,0,53492,0.0
320,6076500,0,44972,0.0
321,6105172,0,16300,0.0
322,6121472,0,0,0.0
323,6121472,0,0,0.0
324,6121472,0,0,0.0
325,6121472,0,0,0.0
326,6117888,0,3584,0.0
327,6121472,0,0,0.0
328,6103460,0,18012,0.0
329,6074436,0,47036,0.0
330,6111876,0,9596,0.0
331,6118548,0,2924,0.0
332,6077120,0,44352,0.0
333,6108700,0,12772,0.0
334,6121472,0,0,0.0
335,6121472,0,0,0.0
336,6121472,0,0,0.0
337,6121472,0,0,0.0
338,6113208,0,8264,0.0
339,6102796,0,18676,0.0
340,6078076,0,43396,0.0
341,6107936,0,13536,0.0
342,6063884,0,57588,0.0
343,6087576,0,33896,0.0
344,6111840,0,9632,0.0
345,6106524,0,14948,0.0
346,6121472,0,0,0.0
347,6113744,0,7728,0.0
348,6121472,0,0,0.0
349,6057620,0,63852,0.0
350,6110660,0,10812,0.0
351,6114792,0,6680,0.0
352,6104420,17052,0,0.0
353,6096436,25036,0,0.0
354,6121472,0,0,0.0
355,6121472,0,0,0.0
356,6086452,35020,0,0.0
357,6111432,10040,0,0.0
358,6098920,22552,0,0.0
359,6092160,26984,2328,0.0
360,6060980,0,60492,0.0
361,6050304,0,71168,0.0
362,6072648,0,48824,0.0
363,6065544,0,55928,0.0
364,6069880,0,51592,0.0
365,6106088,0,15384,0.0
366,6074056,0,47416,0.0
367,6054808,0,66664,0.0
368,6033880,0,87592,0.0
369,6054328,0,67144,0.0
370,6057880,0,63592,0.0
371,6113356,0,8116,0.0
372,6112144,0,9328,0.0
373,6115160,0,6312,0.0
374,6121472,0,0,0.0
375,6116892,0,4580,0.0
376,6099048,0,22424,0.0
377,6073084,0,48388,0.0
378,6083024,0,38448,0.0
379,6069468,0,52004,0.0
380,6072744,0,48728,0.0
381,6095332,0,26140,0.0
382,6078104,0,43368,0.0
383,6093336,0,28136,0.0
384,6070152,0,51320,0.0
385,6062444,0,59028,0.0
386,6089532,0,31940,0.0
387,6110284,0,11188,0.0
388,6061720,0,59752,0.0
389,6062580,0,58892,0.0
390,6062268,0,59204,0.0
391,6101588,0,19884,0.0
392,6094904,0,26568,0.0
393,6082168,0,39304,0.0
394,6079760,0,41712,0.0
395,6039532,0,81940,0.0
396,6051816,0,69656,0.0
397,6072616,0,48856,0.0
398,6082284,0,39188,0.0
399,6094584,0,26888,0.0
400,6078264,0,43208,0.0
401,6105244,0,16228,0.0
402,6094020,0,27452,0.0
403,6081868,0,39604,0.0
404,6100056,0,21416,0.0
405,6090528,0,30944,0.0
406,6053084,0,68388,0.0
407,6064920,0,56552,0.0
408,6072676,0,48796,0.0
409,6117792,0,3680,0.0
410,6121472,0,0,0.0
411,6112888,0,8584,0.0
412,6118080,0,3392,0.0
413,6118656,0,2816,0.0
414,6108348,0,13124,0.0
415,6065028,0,56444,0.0
416,6087772,0,33700,0.0
417,6074448,0,47024,0.0
418,6079816,0,41656,0.0
419,6112988,0,8484,0.0
420,6121472,0,0,0.0
421,6121472,0,0,0.0
422,6121472,0,0,0.0
423,6121472,0,0,0.0
424,6114028,0,7444,0.0
425,6079552,0,41920,0.0
426,6050016,0,71456,0.0
427,6097432,0,24040,0.0
428,6121472,0,0,0.0
429,6101232,0,20240,0.0
430,6080192,0,41280,0.0
431,6094336,0,27136,0.0
432,6106772,0,14700,0.0
433,6034508,0,86964,0.0
434,6090340,0,31132,0.0
435,6055444,0,66028,0.0
436,6066528,0,54944,0.0
437,6072380,0,49092,0.0
438,6074508,0,46964,0.0
439,6082208,0,39264,0.0
440,6095124,0,26348,0.0
441,6074644,0,46828,0.0
442,6101904,0,19568,0.0
443,6109772,0,11700,0.0
444,6069856,0,51616,0.0
445,6091804,0,29668,0.0
446,6067848,0,53624,0.0
447,6067356,0,54116,0.0
448,6102320,0,19152,0.0
449,6104204,0,17268,0.0
450,6111084,0,10388,0.0
451,6115564,0,5908,0.0
452,6110832,0,10640,0.0
453,6094684,0,26788,0.0
454,6076860,0,44612,0.0
455,6100612,0,20860,0.0
456,6049988,0,71484,0.0
457,6052836,0,68636,0.0
458,6098764,0,22708,0.0
459,6079460,0,42012,0.0
460,6090032,0,31440,0.0
461,6098956,0,22516,0.0
462,6075548,0,45924,0.0
463,6060216,0,61256,0.0
464,6043992,0,77480,0.0
465,6096200,0,25272,0.0
466,6121472,0,0,0.0
467,6113380,0,8092,0.0
468,6121472,0,0,0.0
469,6104848,0,16624,0.0
470,6091404,0,30068,0.0
471,6110216,0,11256,0.0
472,6111952,0,9520,0.0
473,6117220,0,4252,0.0
474,6121472,0,0,0.0
475,6105896,0,15576,0.0
476,6115020,0,6452,0.0
477,6102952,0,18520,0.0
478,6107524,0,13948,0.0
479,6100500,0,20972,0.0
480,6121472,0,0,0.0
481,6109760,0,11712,0.0
482,6102312,0,19160,0.0
483,6082236,0,39236,0.0
484,6085180,0,36292,0.0
485,6107004,0,14468,0.0
486,6100736,0,20736,0.0
487,6082236,0,39236,0.0
488,6118904,0,2568,0.0
489,6116268,0,5204,0.0
490,6106852,0,14620,0.0
491,6107576,0,13896,0.0
492,6121472,0,0,0.0
493,6064836,0,56636,0.0
494,6076748,0,44724,0.0
495,6121472,0,0,0.0
496,6095680,0,25792,0.0
497,6095676,0,25796,0.0
498,6084580,0,36892,0.0
499,6084048,0,37424,0.0
500,6108772,0,12700,0.0
501,6121472,0,0,0.0
502,6121472,0,0,0.0
503,6101972,0,19500,0.0
504,6101084,0,20388,0.0
505,6104956,0,16516,0.0
506,6074388,0,47084,0.0
507,6088700,0,32772,0.0
508,6094480,0,26992,0.0
509,6110536,0,10936,0.0
510,6121472,0,0,0.0
511,6121472,0,0,0.0
512,6080636,0,40836,0.0
513,6091088,0,30384,0.0
514,6066100,0,55372,0.0
515,6121472,0,0,0.0
516,6111476,0,9996,0.0
517,6107228,0,14244,0.0
518,6109812,0,11660,0.0
519,6098760,0,22712,0.0
520,6074112,0,47360,0.0
521,6084872,0,36600,0.0
522,6087572,0,33900,0.0
523,6109056,0,12416,0.0
524,6100420,0,21052,0.0
525,6104792,0,16680,0.0
526,6115840,0,5632,0.0
527,6121472,0,0,0.0
528,6121472,0,0,0.0
529,6105128,0,16344,0.0
530,6066740,0,54732,0.0
531,6060428,0,61044,0.0
532,6077156,0,44316,0.0
533,6056047,0,65425,0.0
534,6067892,0,53580,0.0
535,6084156,0,37316,0.0
536,6065972,0,55500,0.0
537,6057544,0,63928,0.0
538,6071488,0,49984,0.0
539,6062620,0,58852,0.0
540,6057452,0,64020,0.0
541,6049448,0,72024,0.0
542,6078308,0,43164,0.0
543,6069920,0,51552,0.0
544,6094724,0,26748,0.0
545,6083124,0,38348,0.0
546,6105578,0,15894,0.0
547,6112514,0,8958,0.0
548,6109051,0,12421,0.0
549,6038321,0,83151,0.0
550,6082165,0,39307,0.0
551,6079939,0,41533,0.0
552,6087804,0,33668,0.0
553,6103624,0,17848,0.0
554,6070604,0,50868,0.0
555,6092704,0,28768,0.0
556,6085540,0,35932,0.0
557,6070840,0,50632,0.0
558,6095604,0,25868,0.0
559,6096584,0,24888,0.0
560,6094724,0,26748,0.0
561,6118312,0,3160,0.0
562,6109548,0,11924,0.0
563,6083636,0,37836,0.0
564,6109480,0,11992,0.0
565,6116180,0,5292,0.0
566,6088152,0,33320,0.0
567,6076328,0,45144,0.0
568,6085756,0,35716,0.0
569,6086564,0,34908,0.0
570,6089064,0,32408,0.0
571,6085640,0,35832,0.0
572,6072932,0,48540,0.0
573,6080584,0,40888,0.0
574,6071852,0,49620,0.0
575,6081416,0,40056,0.0
576,6081160,0,40312,0.0
577,6100216,0,21256,0.0
578,6121472,0,0,0.0
579,6114380,0,7092,0.0
580,6091456,0,30016,0.0
581,6102604,0,18868,0.0
582,6116828,0,4644,0.0
583,6105908,0,15564,0.0
584,6092732,0,28740,0.0
585,6115176,0,6296,0.0
586,6057912,63560,0,0.0
587,6097916,21252,2304,0.0
588,6094860,26612,0,0.0
589,6085124,36348,0,0.0
590,6121472,0,0,0.0
591,6121472,0,0,0.0
592,6113261,8211,0,0.0
593,6090248,31224,0,0.0
594,6121472,0,0,0.0
595,6121472,0,0,0.0
596,6121472,0,0,0.0
597,6121472,0,0,0.0
598,6084632,36840,0,0.0
599,6114420,7052,0,0.0
600,6121472,0,0,0.0
601,6091416,0,30056,0.0
602,6083876,0,37596,0.0
603,6081044,0,40428,0.0
604,6075712,0,45760,0.0
605,6097592,0,23880,0.0
606,6093952,0,27520,0.0
607,6094280,0,27192,0.0
608,6078456,0,43016,0.0
609,6089864,0,31608,0.0
610,6089141,0,32331,0.0
611,6072065,0,49407,0.0
612,6090640,0,30832,0.0
613,6080164,0,41308,0.0
614,6068780,0,52692,0.0
615,6103588,0,17884,0.0
616,6107495,0,13977,0.0
617,6072395,0,49077,0.0
618,6121472,0,0,0.0
619,6121472,0,0,0.0
620,6121472,0,0,0.0
621,6121472,0,0,0.0
622,6121472,0,0,0.0
623,6121472,0,0,0.0
624,6121472,0,0,0.0
625,6121472,0,0,0.0
626,6121472,0,0,0.0
627,6121472,0,0,0.0
628,6121472,0,0,0.0
629,6121472,0,0,0.0
630,6121472,0,0,0.0
631,6121472,0,0,0.0
632,6121472,0,0,0.0
633,6121472,0,0,0.0
634,6117608,0,3864,0.0
635,6121472,0,0,0.0
636,6121472,0,0,0.0
637,6121472,0,0,0.0
638,6121472,0,0,0.0
639,6121472,0,0,0.0
640,6121472,0,0,0.0
641,6121472,0,0,0.0
642,6121472,0,0,0.0
643,6121472,0,0,0.0
644,6121472,0,0,0.0
645,6121472,0,0,0.0
646,6121472,0,0,0.0
647,6121472,0,0,0.0
648,6121472,0,0,0.0
649,6121472,0,0,0.0
650,6121472,0,0,0.0
651,6121472,0,0,0.0
652,6121472,0,0,0.0
653,6121472,0,0,0.0
654,6079940,31032,10500,0.0
655,6065880,0,55592,0.0
656,6077724,0,43748,0.0
657,6104124,0,17348,0.0
658,6119764,0,1708,0.0
659,6116636,0,4836,0.0
660,6121472,0,0,0.0
661,6058956,0,62516,0.0
662,6076032,0,45440,0.0
663,6056096,0,65376,0.0
664,6080132,0,41340,0.0
665,6115736,0,5736,0.0
666,6109144,0,12328,0.0
667,6106248,15224,0,0.0
668,6099096,0,22376,0.0
669,6064448,0,57024,0.0
670,6064256,0,57216,0.0
671,6121472,0,0,0.0
672,6121472,0,0,0.0
673,6108108,13364,0,0.0
674,6121472,0,0,0.0
675,6121472,0,0,0.0
676,6121472,0,0,0.0
677,6121472,0,0,0.0
678,6121472,0,0,0.0
679,6047272,0,74200,0.0
680,6067628,0,53844,0.0
681,6077116,0,44356,0.0
682,6067356,0,54116,0.0
683,6071184,0,50288,0.0
684,6071492,0,49980,0.0
685,6075216,0,46256,0.0
686,6079260,0,42212,0.0
687,6074112,0,47360,0.0
688,6064308,0,57164,0.0
689,6055112,0,66360,0.0
690,6084352,0,37120,0.0
691,6066840,0,54632,0.0
692,6047640,0,73832,0.0
693,6052220,0,69252,0.0
694,6068476,0,52996,0.0
695,6067612,0,53860,0.0
696,6110620,10852,0,0.0
697,6121472,0,0,0.0
698,6109700,11772,0,0.0
699,6056856,0,64616,0.0
700,6060436,0,61036,0.0
701,6072560,0,48912,0.0
702,6067504,0,53968,0.0
703,6094040,0,27432,0.0
704,6045616,0,75856,0.0
705,6097476,0,23996,0.0
706,6100368,0,21104,0.0
707,6114884,0,6588,0.0
708,6121472,0,0,0.0
709,6121472,0,0,0.0
710,6121472,0,0,0.0
711,6118368,0,3104,0.0
712,6090948,0,30524,0.0
713,6116772,0,4700,0.0
714,6096936,0,24536,0.0
715,6058064,0,63408,0.0
716,6114016,0,7456,0.0
717,6120724,0,748,0.0
718,6108476,0,12996,0.0
719,6116608,0,4864,0.0
720,6080000,0,41472,0.0
721,6053796,0,67676,0.0
722,6057016,0,64456,0.0
723,6087620,0,33852,0.0
724,6082448,0,39024,0.0
725,6095588,0,25884,0.0
726,6093664,0,27808,0.0
727,6114152,0,7320,0.0
728,6112456,0,9016,0.0
729,6110384,0,11088,0.0
730,6092196,0,29276,0.0
731,6081848,0,39624,0.0
732,6075884,0,45588,0.0
733,6079424,0,42048,0.0
734,6081820,0,39652,0.0
735,6076148,0,45324,0.0
736,6055440,0,66032,0.0
737,6096604,0,24868,0.0
738,6111852,0,9620,0.0
739,6107252,0,14220,0.0
740,6085160,0,36312,0.0
741,6056140,0,65332,0.0
742,6082124,0,39348,0.0
743,6081252,0,40220,0.0
744,6100760,0,20712,0.0
745,6101892,19580,0,0.0
746,6121472,0,0,0.0
747,6103868,0,17604,0.0
748,6111512,0,9960,0.0
749,6072788,0,48684,0.0
750,6092240,0,29232,0.0
751,6062356,0,59116,0.0
752,6092432,0,29040,0.0
753,6099428,0,22044,0.0
754,6104852,0,16620,0.0
755,6121472,0,0,0.0
756,6121472,0,0,0.0
757,6121472,0,0,0.0
758,6121472,0,0,0.0
759,6071964,0,49508,0.0
760,6095148,0,26324,0.0
761,6025872,0,95600,0.0
762,6120840,0,632,0.0
763,6116692,0,4780,0.0
764,6091736,0,29736,0.0
765,6092672,0,28800,0.0
766,6083328,0,38144,0.0
767,6093472,0,28000,0.0
768,6088116,0,33356,0.0
769,6036076,0,85396,0.0
770,6059432,0,62040,0.0
771,6081772,0,39700,0.0
772,6091932,0,29540,0.0
773,6103636,0,17836,0.0
774,6100188,0,21284,0.0
775,6094456,0,27016,0.0
776,6066236,0,55236,0.0
777,6068732,0,52740,0.0
778,6075380,0,46092,0.0
779,6061936,0,59536,0.0
780,6081724,0,39748,0.0
781,6083064,0,38408,0.0
782,6101804,0,19668,0.0
783,6081264,0,40208,0.0
784,6083368,0,38104,0.0
785,6104980,0,16492,0.0
786,6069088,0,52384,0.0
787,6066768,0,54704,0.0
788,6094788,18872,7812,0.0
789,6098172,23300,0,0.0
790,6121472,0,0,0.0
791,6097124,19740,4608,0.0
792,6113304,8168,0,0.0
793,6096428,25044,0,0.0
794,6121472,0,0,0.0
795,6121472,0,0,0.0
796,6079008,0,42464,0.0
797,6089836,0,31636,0.0
798,6083800,0,37672,0.0
799,6086612,0,34860,0.0
800,6090892,0,30580,0.0
801,6091240,0,30232,0.0
802,6081316,0,40156,0.0
803,6077676,0,43796,0.0
804,6080128,0,41344,0.0
805,6095496,0,25976,0.0
806,6084376,0,37096,0.0
807,6106316,0,15156,0.0
808,6121472,0,0,0.0
809,6121472,0,0,0.0
810,6121472,0,0,0.0
811,6111552,0,9920,0.0
812,6113436,0,8036,0.0
813,6121472,0,0,0.0
814,6061120,0,60352,0.0
815,6121472,0,0,0.0
816,6121472,0,0,0.0
817,6121472,0,0,0.0
818,6121472,0,0,0.0
819,6109048,12424,0,0.0
820,6102960,18512,0,0.0
821,6121472,0,0,0.0
822,6121472,0,0,0.0
823,6117752,0,3720,0.0
824,6111420,0,10052,0.0
825,6121472,0,0,0.0
826,6121472,0,0,0.0
827,6116028,0,5444,0.0
828,6121472,0,0,0.0
829,6118444,0,3028,0.0
830,6121472,0,0,0.0
831,6121472,0,0,0.0
832,6073396,0,48076,0.0
833,6121472,0,0,0.0
834,6121472,0,0,0.0
835,6121472,0,0,0.0
836,6121472,0,0,0.0
837,6114496,6048,928,0.0
838,6121472,0,0,0.0
839,6121472,0,0,0.0
840,6121472,0,0,0.0
841,6121472,0,0,0.0
842,6121472,0,0,0.0
843,6065912,0,55560,0.0
844,6081936,0,39536,0.0
845,6072156,0,49316,0.0
846,6105404,0,16068,0.0
847,6076940,0,44532,0.0
848,6084072,0,37400,0.0
849,6057056,0,64416,0.0
850,6081524,0,39948,0.0
851,6063276,0,58196,0.0
852,6071664,0,49808,0.0
853,6121472,0,0,0.0
854,6090476,0,30996,0.0
855,6102240,0,19232,0.0
856,6081616,4816,35040,0.0
857,6094400,0,27072,0.0
858,6121472,0,0,0.0
859,6115268,0,6204,0.0
860,6121472,0,0,0.0
861,6071156,0,50316,0.0
862,6086168,0,35304,0.0
863,6105516,0,15956,0.0
864,6114372,4104,2996,0.0
865,6121472,0,0,0.0
866,6121472,0,0,0.0
867,6121472,0,0,0.0
868,6121472,0,0,0.0
869,6121472,0,0,0.0
870,6121472,0,0,0.0
871,6121472,0,0,0.0
872,6116060,0,5412,0.0
873,6087528,0,33944,0.0
874,6102784,0,18688,0.0
875,6103708,0,17764,0.0
876,6092532,0,28940,0.0
877,6102868,0,18604,0.0
878,6092256,0,29216,0.0
879,6053828,0,67644,0.0
880,6110820,0,10652,0.0
881,6073512,5640,42320,0.0
882,6121472,0,0,0.0
883,6121472,0,0,0.0
884,6121472,0,0,0.0
885,6121472,0,0,0.0
886,6121472,0,0,0.0
887,6121472,0,0,0.0
888,6095312,26160,0,0.0
889,6121472,0,0,0.0
890,6121472,0,0,0.0
891,6108424,0,13048,0.0
892,6116148,0,5324,0.0
893,6117632,0,3840,0.0
894,6090812,0,30660,0.0
895,6111104,0,10368,0.0
896,6121472,0,0,0.0
897,6121472,0,0,0.0
898,6119452,0,2020,0.0
899,6096412,0,25060,0.0
900,6121472,0,0,0.0
901,6113479,0,7993,0.0
902,6104599,0,16873,0.0
903,6104061,0,17411,0.0
904,6110530,0,10942,0.0
905,6119895,0,1577,0.0
906,6115940,0,5532,0.0
907,6095140,0,26332,0.0
908,6091106,0,30366,0.0
909,6103075,0,18397,0.0
910,6115955,0,5517,0.0
911,6102812,0,18660,0.0
912,6109172,0,12300,0.0
913,6108602,0,12870,0.0
914,6107708,0,13764,0.0
915,6097032,0,24440,0.0
916,6111215,0,10257,0.0
917,6108608,0,12864,0.0
918,6104876,0,16596,0.0
919,6111309,0,10163,0.0
920,6089321,0,32151,0.0
921,6113106,0,8366,0.0
922,6115513,0,5959,0.0
923,6121472,0,0,0.0
924,6121472,0,0,0.0
925,6121472,0,0,0.0
926,6121472,0,0,0.0
927,6121472,0,0,0.0
928,6121472,0,0,0.0
929,6108544,0,12928,0.0
930,6106970,0,14502,0.0
931,6095160,0,26312,0.0
932,6110227,0,11245,0.0
933,6109552,0,11920,0.0
934,6105519,0,15953,0.0
935,6106370,0,15102,0.0
936,6105212,0,16260,0.0
937,6101681,0,19791,0.0
938,6108861,0,12611,0.0
939,6109868,0,11604,0.0
940,6088627,0,32845,0.0
941,6108710,0,12762,0.0
942,6121472,0,0,0.0
943,6120416,0,1056,0.0
944,6117074,0,4398,0.0
945,6116775,0,4697,0.0
946,6121472,0,0,0.0
947,6121472,0,0,0.0
948,6121472,0,0,0.0
949,6107405,0,14067,0.0
950,6096859,0,24613,0.0
951,6121472,0,0,0.0
952,6111607,0,9865,0.0
953,6118296,3176,0,0.0
954,6113974,0,7498,0.0
955,6119052,2420,0,0.0
956,6121472,0,0,0.0
957,6121472,0,0,0.0
958,6102316,0,19156,0.0
959,6052924,0,68548,0.0
960,6069776,0,51696,0.0
961,6062720,0,58752,0.0
962,6081992,0,39480,0.0
963,6067256,0,54216,0.0
964,6094540,0,26932,0.0
965,6111544,0,9928,0.0
966,6091408,0,30064,0.0
967,6095068,0,26404,0.0
968,6101524,0,19948,0.0
969,6056940,0,64532,0.0
970,6071432,0,50040,0.0
971,6105388,0,16084,0.0
972,6121472,0,0,0.0
973,6090748,0,30724,0.0
974,6080896,0,40576,0.0
975,6104488,0,16984,0.0
976,6114028,0,7444,0.0
977,6098420,0,23052,0.0
978,6100804,20668,0,0.0
979,6119208,0,2264,0.0
980,6121472,0,0,0.0
981,6121472,0,0,0.0
982,6121472,0,0,0.0
983,6121472,0,0,0.0
984,6121472,0,0,0.0
985,6062216,0,59256,0.0
986,6053668,0,67804,0.0
987,6090160,0,31312,0.0
988,6064960,0,56512,0.0
989,6050996,0,70476,0.0
990,6080972,0,40500,0.0
991,6069424,0,52048,0.0
992,6050828,0,70644,0.0
993,6062340,0,59132,0.0
994,6103972,0,17500,0.0
995,6086748,0,34724,0.0
996,6115792,0,5680,0.0
997,6083844,0,37628,0.0
998,6089024,0,32448,0.0
999,6084684,0,36788,0.0
1000,6093579,0,27893,0.0
1001,6090372,0,31100,0.0
1002,6086932,0,34540,0.0
1003,6121472,0,0,0.0
1004,6121472,0,0,0.0
1005,6121472,0,0,0.0
1006,6121472,0,0,0.0
1007,6121472,0,0,0.0
1008,6121472,0,0,0.0
1009,6121472,0,0,0.0
1010,6105314,16158,0,0.0
1011,6121472,0,0,0.0
1012,6109279,0,12193,0.0
1013,6082832,0,38640,0.0
1014,6121472,0,0,0.0
1015,6121472,0,0,0.0
1016,6121472,0,0,0.0
1017,6121472,0,0,0.0
1018,6085249,0,36223,0.0
1019,6121472,0,0,0.0
1020,6121472,0,0,0.0
1021,6104239,0,17233,0.0
1022,6096359,0,25113,0.0
1023,6114553,0,6919,0.0
1024,6120835,0,637,0.0
1025,6119757,0,1715,0.0
1026,6121472,0,0,0.0
1027,6121472,0,0,0.0
1028,6121472,0,0,0.0
1029,6121472,0,0,0.0
1030,6116866,0,4606,0.0
1031,6120394,0,1078,0.0
1032,6113118,8354,0,0.0
1033,6116482,4990,0,0.0
1034,6113106,8366,0,0.0
1035,6121472,0,0,0.0
1036,6107408,0,14064,0.0
1037,6121472,0,0,0.0
1038,6110296,11176,0,0.0
1039,6121472,0,0,0.0
1040,6103181,18291,0,0.0
1041,6118432,0,2467,573.0
1042,6121275,0,0,197.0
1043,6121158,0,0,314.0
1044,6121319,0,0,153.0
1045,6121189,0,0,283.0
1046,6121472,0,0,0.0
1047,6121472,0,0,0.0
1048,6121472,0,0,0.0
1049,6121472,0,0,0.0
1050,6121472,0,0,0.0
1051,6121472,0,0,0.0
1052,6121472,0,0,0.0
1053,6121472,0,0,0.0
1054,6121472,0,0,0.0
1055,6121472,0,0,0.0
1056,6121472,0,0,0.0
1057,6121472,0,0,0.0
1058,6121472,0,0,0.0
1059,6121472,0,0,0.0
1060,6121472,0,0,0.0
1061,6121472,0,0,0.0
1062,6121472,0,0,0.0
1063,6121472,0,0,0.0
1064,6121472,0,0,0.0
1065,6121472,0,0,0.0
1066,6121472,0,0,0.0
1067,6121472,0,0,0.0
1068,6121472,0,0,0.0
1069,6121472,0,0,0.0
1070,6121472,0,0,0.0
1071,6121472,0,0,0.0
1072,6121472,0,0,0.0
1073,6121472,0,0,0.0
1074,6121472,0,0,0.0
1075,6121472,0,0,0.0
1076,6121472,0,0,0.0
1077,6121472,0,0,0.0
1078,6121472,0,0,0.0
1079,6121472,0,0,0.0
1080,6121472,0,0,0.0
1081,6121472,0,0,0.0
1082,6121472,0,0,0.0
1083,6121472,0,0,0.0
1084,6121472,0,0,0.0
1085,6121472,0,0,0.0
1086,6121472,0,0,0.0
1087,6121472,0,0,0.0
1088,6121472,0,0,0.0
1089,6121472,0,0,0.0
1090,6117930,1473,2069,0.0
1091,6112293,9179,0,0.0
1092,6109418,12054,0,0.0
1093,6106643,14829,0,0.0
1094,6121472,0,0,0.0
1095,6121472,0,0,0.0
1096,6121472,0,0,0.0
1097,6121472,0,0,0.0
1098,6121472,0,0,0.0
1099,6121472,0,0,0.0
1100,6121472,0,0,0.0
1101,6121472,0,0,0.0
1102,6116015,5457,0,0.0
1103,6119905,1567,0,0.0
1104,6119549,1923,0,0.0
1105,6121472,0,0,0.0
1106,6121472,0,0,0.0
1107,6121472,0,0,0.0
1108,6121472,0,0,0.0
1109,6121472,0,0,0.0
1110,6121472,0,0,0.0
1111,6121472,0,0,0.0
1112,6121472,0,0,0.0
1113,6121472,0,0,0.0
1114,6121472,0,0,0.0
1115,6121472,0,0,0.0
1116,6121472,0,0,0.0
1117,6121472,0,0,0.0
1118,6121472,0,0,0.0
1119,6121472,0,0,0.0
1120,6121472,0,0,0.0
1121,6121472,0,0,0.0
1122,6121472,0,0,0.0
1123,6121472,0,0,0.0
1124,6121472,0,0,0.0
1125,6121472,0,0,0.0
1126,6121472,0,0,0.0
1127,6121472,0,0,0.0
1128,6121472,0,0,0.0
1129,6121472,0,0,0.0
1130,6121472,0,0,0.0
1131,6121472,0,0,0.0
1132,6121472,0,0,0.0
1133,6121472,0,0,0.0
1134,6121472,0,0,0.0
1135,6121472,0,0,0.0
1136,6121472,0,0,0.0
1137,6121472,0,0,0.0
1138,6121472,0,0,0.0
1139,6121472,0,0,0.0
1140,6121472,0,0,0.0
1141,6121472,0,0,0.0
1142,6121472,0,0,0.0
1143,6121472,0,0,0.0
1144,6121472,0,0,0.0
1145,6121472,0,0,0.0
1146,6121472,0,0,0.0
1147,6121472,0,0,0.0
1148,6121472,0,0,0.0
1149,6121472,0,0,0.0
1150,6121472,0,0,0.0
1151,6121472,0,0,0.0
1152,6121472,0,0,0.0
1153,6121472,0,0,0.0
1154,6121472,0,0,0.0
1155,6116488,0,4984,0.0
1156,6121472,0,0,0.0
1157,6121472,0,0,0.0
1158,6121472,0,0,0.0
1159,6121472,0,0,0.0
1160,6121472,0,0,0.0
1161,6121472,0,0,0.0
1162,6121472,0,0,0.0
1163,6121472,0,0,0.0
1164,6121472,0,0,0.0
1165,6121472,0,0,0.0
1166,6121472,0,0,0.0
1167,6121472,0,0,0.0
1168,6121472,0,0,0.0
1169,6121472,0,0,0.0
1170,6121472,0,0,0.0
1171,6121472,0,0,0.0
1172,6121472,0,0,0.0
1173,6121472,0,0,0.0
1174,6121472,0,0,0.0
1175,6121472,0,0,0.0
1176,6121472,0,0,0.0
1177,6121472,0,0,0.0
1178,6121472,0,0,0.0
1179,6121472,0,0,0.0
1180,6121472,0,0,0.0
1181,6121472,0,0,0.0
1182,6121472,0,0,0.0
1183,6121472,0,0,0.0
1184,6121472,0,0,0.0
1185,6121472,0,0,0.0
1186,6121472,0,0,0.0
1187,6121472,0,0,0.0
1188,6121472,0,0,0.0
1189,6121472,0,0,0.0
1190,6121472,0,0,0.0
1191,6121472,0,0,0.0
1192,6121472,0,0,0.0
1193,6069040,0,52432,0.0
1194,6092243,0,29229,0.0
1195,6086615,0,34857,0.0
1196,6096413,0,25059,0.0
1197,6086688,0,34784,0.0
1198,6114288,0,7184,0.0
1199,6092295,26789,2388,0.0
1200,6121472,0,0,0.0
1201,6055428,0,66044,0.0
1202,6121472,0,0,0.0
1203,6121472,0,0,0.0
1204,6121472,0,0,0.0
1205,6121472,0,0,0.0
1206,6121472,0,0,0.0
1207,6121472,0,0,0.0
1208,6121472,0,0,0.0
1209,6121472,0,0,0.0
1210,6121472,0,0,0.0
1211,6121472,0,0,0.0
1212,6121472,0,0,0.0
1213,6121472,0,0,0.0
1214,6121472,0,0,0.0
1215,6121472,0,0,0.0
1216,6121472,0,0,0.0
1217,6121472,0,0,0.0
1218,6121472,0,0,0.0
1219,6121472,0,0,0.0
1220,6121472,0,0,0.0
1221,6121472,0,0,0.0
1222,6121472,0,0,0.0
1223,6121472,0,0,0.0
1224,6121472,0,0,0.0
1225,6121472,0,0,0.0
1226,6121472,0,0,0.0
1227,6121472,0,0,0.0
1228,6121472,0,0,0.0
1229,6121472,0,0,0.0
1230,6121472,0,0,0.0
1231,6121472,0,0,0.0
1232,6121472,0,0,0.0
1233,6121472,0,0,0.0
1234,6121472,0,0,0.0
1235,6121472,0,0,0.0
1236,6121472,0,0,0.0
1237,6113532,0,7940,0.0
1238,6109177,0,12295,0.0
1239,6103872,0,17600,0.0
1240,6121472,0,0,0.0
1241,6121472,0,0,0.0
1242,6114613,6859,0,0.0
1243,6121472,0,0,0.0
1244,6121472,0,0,0.0
1245,6121472,0,0,0.0
1246,6121472,0,0,0.0
1247,6121472,0,0,0.0
1248,6121472,0,0,0.0
1249,6121472,0,0,0.0
1250,6121472,0,0,0.0
1251,6121472,0,0,0.0
1252,6121472,0,0,0.0
1253,6121472,0,0,0.0
1254,6121472,0,0,0.0
1255,6121472,0,0,0.0
1256,6121472,0,0,0.0
1257,6121472,0,0,0.0
1258,6121472,0,0,0.0
1259,6121472,0,0,0.0
1260,6121472,0,0,0.0
1261,6121472,0,0,0.0
1262,6121472,0,0,0.0
1263,6121472,0,0,0.0
1264,6121472,0,0,0.0
1265,6121472,0,0,0.0
1266,6121472,0,0,0.0
1267,6121472,0,0,0.0
1268,6118965,0,2507,0.0
1269,6121472,0,0,0.0
1270,6121472,0,0,0.0
1271,6121472,0,0,0.0
1272,6121472,0,0,0.0
1273,6121472,0,0,0.0
1274,6121472,0,0,0.0
1275,6121472,0,0,0.0
1276,6121472,0,0,0.0
1277,6121472,0,0,0.0
1278,6121472,0,0,0.0
1279,6121472,0,0,0.0
1280,6121472,0,0,0.0
1281,6121472,0,0,0.0
1282,6121472,0,0,0.0
1283,6121472,0,0,0.0
1284,6121472,0,0,0.0
1285,6121472,0,0,0.0
1286,6121472,0,0,0.0
1287,6121472,0,0,0.0
1288,6121472,0,0,0.0
1289,6121472,0,0,0.0
1290,6121472,0,0,0.0
1291,6121472,0,0,0.0
1292,6121472,0,0,0.0
1293,6121472,0,0,0.0
1294,6121472,0,0,0.0
1295,6117271,0,4201,0.0
1296,6121472,0,0,0.0
1297,6121472,0,0,0.0
1298,6121472,0,0,0.0
1299,6121472,0,0,0.0
1300,6121472,0,0,0.0
1301,6121472,0,0,0.0
1302,6121472,0,0,0.0
1303,6121472,0,0,0.0
1304,6121472,0,0,0.0
1305,6121472,0,0,0.0
1306,6121472,0,0,0.0
1307,6121472,0,0,0.0
1308,6121472,0,0,0.0
1309,6121472,0,0,0.0
1310,6121472,0,0,0.0
1311,6121472,0,0,0.0
1312,6121472,0,0,0.0
1313,6121472,0,0,0.0
1314,6121472,0,0,0.0
1315,6121472,0,0,0.0
1316,6121472,0,0,0.0
1317,6121472,0,0,0.0
1318,6121472,0,0,0.0
1319,6121472,0,0,0.0
1320,6121472,0,0,0.0
1321,6121472,0,0,0.0
1322,6121472,0,0,0.0
1323,6121472,0,0,0.0
1324,6121472,0,0,0.0
1325,6118792,0,2680,0.0
1326,6121472,0,0,0.0
1327,6121472,0,0,0.0
1328,6121472,0,0,0.0
1329,6110280,11192,0,0.0
1330,6121472,0,0,0.0
1331,6121472,0,0,0.0
1332,6121472,0,0,0.0
1333,6121472,0,0,0.0
1334,6121472,0,0,0.0
1335,6121472,0,0,0.0
1336,6121472,0,0,0.0
1337,6121472,0,0,0.0
1338,6121472,0,0,0.0
1339,6121472,0,0,0.0
1340,6121472,0,0,0.0
1341,6105536,14066,1870,0.0
1342,6106538,14934,0,0.0
1343,6121472,0,0,0.0
1344,6101675,0,19797,0.0
1345,6121472,0,0,0.0
1346,6121472,0,0,0.0
1347,6121472,0,0,0.0
1348,6121472,0,0,0.0
1349,6121472,0,0,0.0
1350,6121472,0,0,0.0
1351,6121472,0,0,0.0
1352,6119659,1813,0,0.0
1353,6121472,0,0,0.0
1354,6121472,0,0,0.0
1355,6121472,0,0,0.0
1356,6121472,0,0,0.0
1357,6121472,0,0,0.0
1358,6121472,0,0,0.0
1359,6121472,0,0,0.0
1360,6121472,0,0,0.0
1361,6113736,0,7736,0.0
1362,6121472,0,0,0.0
1363,6121472,0,0,0.0
1364,6121472,0,0,0.0
1365,6121472,0,0,0.0
1366,6121472,0,0,0.0
1367,6121472,0,0,0.0
1368,6121472,0,0,0.0
1369,6121472,0,0,0.0
1370,6121472,0,0,0.0
1371,6121472,0,0,0.0
1372,6121472,0,0,0.0
1373,6121472,0,0,0.0
1374,6121472,0,0,0.0
1375,6121472,0,0,0.0
1376,6121472,0,0,0.0
1377,6121472,0,0,0.0
1378,6121472,0,0,0.0
1379,6121472,0,0,0.0
1380,6121472,0,0,0.0
1381,6121472,0,0,0.0
1382,6121472,0,0,0.0
1383,6121472,0,0,0.0
1384,6121472,0,0,0.0
1385,6121472,0,0,0.0
1386,6121472,0,0,0.0
1387,6121472,0,0,0.0
1388,6121472,0,0,0.0
1389,6121472,0,0,0.0
1390,6121472,0,0,0.0
1391,6121472,0,0,0.0
1392,6092504,28968,0,0.0
1393,6121472,0,0,0.0
1394,6116481,4991,0,0.0
1395,6100784,15742,4946,0.0
1396,6121472,0,0,0.0
1397,6121472,0,0,0.0
1398,6121472,0,0,0.0
1399,6121472,0,0,0.0
1400,6121472,0,0,0.0
1401,6121472,0,0,0.0
1402,6121472,0,0,0.0
1403,6121472,0,0,0.0
1404,6121472,0,0,0.0
1405,6105016,16456,0,0.0
1406,6108595,12877,0,0.0
1407,6118088,0,3384,0.0
1408,6121472,0,0,0.0
1409,6121472,0,0,0.0
1410,6108617,12855,0,0.0
1411,6110868,10604,0,0.0
1412,6110355,11117,0,0.0
1413,6121472,0,0,0.0
1414,6121472,0,0,0.0
1415,6121472,0,0,0.0
1416,6111268,10204,0,0.0
1417,6115368,6104,0,0.0
1418,6121472,0,0,0.0
1419,6121472,0,0,0.0
1420,6121472,0,0,0.0
1421,6121472,0,0,0.0
1422,6121472,0,0,0.0
1423,6121472,0,0,0.0
1424,6121472,0,0,0.0
1425,6121472,0,0,0.0
1426,6121472,0,0,0.0
1427,6121472,0,0,0.0
1428,6121472,0,0,0.0
1429,6121472,0,0,0.0
1430,6121472,0,0,0.0
1431,6121472,0,0,0.0
1432,6121472,0,0,0.0
1433,6121472,0,0,0.0
1434,6121472,0,0,0.0
1435,6121472,0,0,0.0
1436,6121472,0,0,0.0
1437,6121472,0,0,0.0
1438,6121472,0,0,0.0
1439,6119780,1692,0,0.0
1440,6121472,0,0,0.0
1441,6121472,0,0,0.0
1442,6121472,0,0,0.0
1443,6121472,0,0,0.0
1444,6121472,0,0,0.0
1445,6121472,0,0,0.0
1446,6121472,0,0,0.0
1447,6121472,0,0,0.0
1448,6121472,0,0,0.0
1449,6121472,0,0,0.0
1450,6121472,0,0,0.0
1451,6121472,0,0,0.0
1452,6121472,0,0,0.0
1453,6109961,0,11511,0.0
1454,6114606,0,6866,0.0
1455,6108571,0,12901,0.0
1456,6106153,0,15319,0.0
1457,6104663,0,16809,0.0
1458,6108415,0,13057,0.0
1459,6109460,0,12012,0.0
1460,6112291,0,9181,0.0
1461,6111777,0,9695,0.0
1462,6121472,0,0,0.0
1463,6121472,0,0,0.0
1464,6121472,0,0,0.0
1465,6121472,0,0,0.0
1466,6121472,0,0,0.0
1467,6121472,0,0,0.0
1468,6121472,0,0,0.0
1469,6121472,0,0,0.0
1470,6121472,0,0,0.0
1471,6121472,0,0,0.0
1472,6121472,0,0,0.0
1473,6121472,0,0,0.0
1474,6121472,0,0,0.0
1475,6121472,0,0,0.0
1476,6121472,0,0,0.0
1477,6121472,0,0,0.0
1478,6121472,0,0,0.0
1479,6092215,1153,28104,0.0
1480,6117938,0,3534,0.0
1481,6121472,0,0,0.0
1482,6121472,0,0,0.0
1483,6121472,0,0,0.0
1484,6121472,0,0,0.0
1485,6121472,0,0,0.0
1486,6121472,0,0,0.0
1487,6121472,0,0,0.0
1488,6121472,0,0,0.0
1489,6121472,0,0,0.0
1490,6121472,0,0,0.0
1491,6121472,0,0,0.0
1492,6121472,0,0,0.0
1493,6121472,0,0,0.0
1494,6121472,0,0,0.0
1495,6118090,3382,0,0.0
1496,6116679,4793,0,0.0
1497,6121472,0,0,0.0
1498,6121472,0,0,0.0
1499,6121472,0,0,0.0
1500,6121045,0,427,0.0
1501,6121472,0,0,0.0
1502,6121472,0,0,0.0
1503,6121472,0,0,0.0
1504,6121472,0,0,0.0
1505,6118258,0,3214,0.0
1506,6109705,0,11767,0.0
1507,6121472,0,0,0.0
1508,6121472,0,0,0.0
1509,6121472,0,0,0.0
1510,6121472,0,0,0.0
1511,6121472,0,0,0.0
1512,6121472,0,0,0.0
1513,6121472,0,0,0.0
1514,6121472,0,0,0.0
1515,6121472,0,0,0.0
1516,6121472,0,0,0.0
1517,6121472,0,0,0.0
1518,6121472,0,0,0.0
1519,6121472,0,0,0.0
1520,6121472,0,0,0.0
1521,6111231,0,10241,0.0
1522,6106392,6899,8181,0.0
1523,6111657,0,9815,0.0
1524,6108564,0,12908,0.0
1525,6121472,0,0,0.0
1526,6121472,0,0,0.0
1527,6121472,0,0,0.0
1528,6121472,0,0,0.0
1529,6121472,0,0,0.0
1530,6121472,0,0,0.0
1531,6121472,0,0,0.0
1532,6121472,0,0,0.0
1533,6121472,0,0,0.0
1534,6121472,0,0,0.0
1535,6121472,0,0,0.0
1536,6121472,0,0,0.0
1537,6121472,0,0,0.0
1538,6121472,0,0,0.0
1539,6121472,0,0,0.0
1540,6121472,0,0,0.0
1541,6121472,0,0,0.0
1542,6121472,0,0,0.0
1543,6121472,0,0,0.0
1544,6121472,0,0,0.0
1545,6121472,0,0,0.0
1546,6119802,0,1670,0.0
1547,6121472,0,0,0.0
1548,6121472,0,0,0.0
1549,6121472,0,0,0.0
1550,6121472,0,0,0.0
1551,6121472,0,0,0.0
1552,6121472,0,0,0.0
1553,6121472,0,0,0.0
1554,6121472,0,0,0.0
1555,6121472,0,0,0.0
1556,6121472,0,0,0.0
1557,6121472,0,0,0.0
1558,6121472,0,0,0.0
1559,6121472,0,0,0.0
1560,6121472,0,0,0.0
1561,6114613,0,6859,0.0
1562,6121472,0,0,0.0
1563,6121472,0,0,0.0
1564,6121472,0,0,0.0
1565,6121472,0,0,0.0
1566,6121472,0,0,0.0
1567,6121472,0,0,0.0
1568,6121472,0,0,0.0
1569,6121472,0,0,0.0
1570,6121472,0,0,0.0
1571,6121472,0,0,0.0
1572,6121472,0,0,0.0
1573,6121472,0,0,0.0
1574,6121472,0,0,0.0
1575,6121472,0,0,0.0
1576,6121472,0,0,0.0
1577,6121472,0,0,0.0
1578,6121472,0,0,0.0
1579,6121472,0,0,0.0
1580,6121472,0,0,0.0
1581,6121472,0,0,0.0
1582,6121472,0,0,0.0
1583,6121472,0,0,0.0
1584,6121472,0,0,0.0
1585,6121472,0,0,0.0
1586,6121472,0,0,0.0
1587,6121472,0,0,0.0
1588,6121472,0,0,0.0
1589,6121472,0,0,0.0
1590,6112746,0,8726,0.0
1591,6102079,0,19393,0.0
1592,6117504,0,3968,0.0
1593,6121472,0,0,0.0
1594,6121472,0,0,0.0
1595,6121472,0,0,0.0
1596,6117971,0,3501,0.0
1597,6120178,0,1294,0.0
1598,6121472,0,0,0.0
1599,6121472,0,0,0.0
1600,6121472,0,0,0.0
1601,6121472,0,0,0.0
1602,6121472,0,0,0.0
1603,6119936,1536,0,0.0
1604,6121472,0,0,0.0
1605,6121472,0,0,0.0
1606,6121472,0,0,0.0
1607,6114109,0,7363,0.0
1608,6110496,0,10976,0.0
1609,6110113,0,11359,0.0
1610,6116090,0,5382,0.0
1611,6116750,0,4722,0.0
1612,6121472,0,0,0.0
1613,6121472,0,0,0.0
1614,6117274,0,4198,0.0
1615,6103505,0,17967,0.0
1616,6111643,0,9829,0.0
1617,6121472,0,0,0.0
1618,6121472,0,0,0.0
1619,6121472,0,0,0.0
1620,6121472,0,0,0.0
1621,6121472,0,0,0.0
1622,6121472,0,0,0.0
1623,6121472,0,0,0.0
1624,6121472,0,0,0.0
1625,6121472,0,0,0.0
1626,6121472,0,0,0.0
1627,6121472,0,0,0.0
1628,6121472,0,0,0.0
1629,6121472,0,0,0.0
1630,6121472,0,0,0.0
1631,6121472,0,0,0.0
1632,6121472,0,0,0.0
1633,6121472,0,0,0.0
1634,6121472,0,0,0.0
1635,6121472,0,0,0.0
1636,6121472,0,0,0.0
1637,6113306,0,8166,0.0
1638,6112007,0,9465,0.0
1639,6112862,0,8610,0.0
1640,6112904,0,8568,0.0
1641,6114768,0,6704,0.0
1642,6116027,0,5445,0.0
1643,6119312,0,2160,0.0
1644,6112171,0,9301,0.0
1645,6118898,0,2574,0.0
1646,6121472,0,0,0.0
1647,6121472,0,0,0.0
1648,6121472,0,0,0.0
1649,6121472,0,0,0.0
1650,6121472,0,0,0.0
1651,6121472,0,0,0.0
1652,6121472,0,0,0.0
1653,6121472,0,0,0.0
1654,6121472,0,0,0.0
1655,6121472,0,0,0.0
1656,6121472,0,0,0.0
1657,6121472,0,0,0.0
1658,6121472,0,0,0.0
1659,6121472,0,0,0.0
1660,6121472,0,0,0.0
1661,6121472,0,0,0.0
1662,6121472,0,0,0.0
1663,6121472,0,0,0.0
1664,6121472,0,0,0.0
1665,6121472,0,0,0.0
1666,6121472,0,0,0.0
1667,6121472,0,0,0.0
1668,6121472,0,0,0.0
1669,6121472,0,0,0.0
1670,6121472,0,0,0.0
1671,6121472,0,0,0.0
1672,6121472,0,0,0.0
1673,6121472,0,0,0.0
1674,6121472,0,0,0.0
1675,6121472,0,0,0.0
1676,6121472,0,0,0.0
1677,6121472,0,0,0.0
1678,6108048,0,13424,0.0
1679,6114053,0,7419,0.0
1680,6114494,0,6978,0.0
1681,6121472,0,0,0.0
1682,6120283,0,1189,0.0
1683,6121472,0,0,0.0
1684,6121472,0,0,0.0
1685,6121472,0,0,0.0
1686,6121472,0,0,0.0
1687,6121472,0,0,0.0
1688,6121472,0,0,0.0
1689,6121472,0,0,0.0
1690,6121472,0,0,0.0
1691,6121472,0,0,0.0
1692,6121472,0,0,0.0
1693,6121472,0,0,0.0
1694,6121472,0,0,0.0
1695,6121472,0,0,0.0
1696,6121472,0,0,0.0
1697,6121472,0,0,0.0
1698,6121472,0,0,0.0
1699,6121472,0,0,0.0
1700,6121472,0,0,0.0
1701,6121472,0,0,0.0
1702,6121472,0,0,0.0
1703,6121472,0,0,0.0
1704,6121472,0,0,0.0
1705,6121472,0,0,0.0
1706,6121472,0,0,0.0
1707,6121472,0,0,0.0
1708,6121472,0,0,0.0
1709,6121472,0,0,0.0
1710,6121472,0,0,0.0
1711,6121472,0,0,0.0
1712,6121472,0,0,0.0
1713,6121472,0,0,0.0
1714,6121472,0,0,0.0
1715,6121472,0,0,0.0
1716,6121472,0,0,0.0
1717,6121472,0,0,0.0
1718,6121472,0,0,0.0
1719,6121472,0,0,0.0
1720,6121472,0,0,0.0
1721,6121472,0,0,0.0
1722,6121472,0,0,0.0
1723,6121472,0,0,0.0
1724,6121472,0,0,0.0
1725,6121472,0,0,0.0
1726,6121472,0,0,0.0
1727,6121472,0,0,0.0
1728,6120686,0,786,0.0
1729,6120047,0,1425,0.0
1730,6119538,0,1934,0.0
1731,6112269,0,9203,0.0
1732,6115913,0,5559,0.0
1733,6121472,0,0,0.0
1734,6121472,0,0,0.0
1735,6120244,0,1228,0.0
1736,6121472,0,0,0.0
1737,6121472,0,0,0.0
1738,6091032,0,30440,0.0
1739,6121472,0,0,0.0
1740,6121472,0,0,0.0
1741,6121472,0,0,0.0
1742,6121472,0,0,0.0
1743,6121472,0,0,0.0
1744,6121472,0,0,0.0
1745,6121472,0,0,0.0
1746,6111223,0,10249,0.0
1747,6121472,0,0,0.0
1748,6121472,0,0,0.0
1749,6121472,0,0,0.0
1750,6121472,0,0,0.0
1751,6121472,0,0,0.0
1752,6121408,0,64,0.0
1753,6121472,0,0,0.0
1754,6121472,0,0,0.0
1755,6121408,0,64,0.0
1756,6121472,0,0,0.0
1757,6112383,0,9089,0.0
1758,6112104,0,9368,0.0
1759,6102528,0,18944,0.0
1760,6120459,0,1013,0.0
1761,6121408,0,64,0.0
1762,6121408,0,64,0.0
1763,6121472,0,0,0.0
1764,6121472,0,0,0.0
1765,6110725,10747,0,0.0
1766,6121472,0,0,0.0
1767,6121472,0,0,0.0
1768,6121472,0,0,0.0
1769,6121472,0,0,0.0
1770,6121472,0,0,0.0
1771,6121472,0,0,0.0
1772,6121472,0,0,0.0
1773,6121472,0,0,0.0
1774,6121472,0,0,0.0
1775,6121472,0,0,0.0
1776,6121472,0,0,0.0
1777,6121472,0,0,0.0
1778,6121472,0,0,0.0
1779,6121472,0,0,0.0
1780,6111204,0,10268,0.0
1781,6113343,0,8129,0.0
1782,6110732,0,10740,0.0
1783,6121472,0,0,0.0
1784,6104464,0,17008,0.0
1785,6091158,0,30314,0.0
1786,6111277,0,10195,0.0
1787,6113223,0,8249,0.0
1788,6110957,0,10515,0.0
1789,6121472,0,0,0.0
1790,6117922,0,3550,0.0
1791,6112697,0,8775,0.0
1792,6121472,0,0,0.0
1793,6117387,0,4085,0.0
1794,6121472,0,0,0.0
1795,6121472,0,0,0.0
1796,6121472,0,0,0.0
1797,6121472,0,0,0.0
1798,6121472,0,0,0.0
1799,6121472,0,0,0.0
1800,6121472,0,0,0.0
1801,6117942,0,3530,0.0
1802,6112665,0,8807,0.0
1803,6098482,0,22990,0.0
1804,6096833,0,24639,0.0
1805,6121472,0,0,0.0
1806,6121472,0,0,0.0
1807,6121472,0,0,0.0
1808,6110041,0,11431,0.0
1809,6117756,0,3716,0.0
1810,6121472,0,0,0.0
1811,6121472,0,0,0.0
1812,6121472,0,0,0.0
1813,6106317,0,15155,0.0
1814,6121472,0,0,0.0
1815,6121472,0,0,0.0
1816,6121472,0,0,0.0
1817,6121472,0,0,0.0
1818,6121472,0,0,0.0
1819,6121472,0,0,0.0
1820,6121472,0,0,0.0
1821,6121472,0,0,0.0
1822,6121472,0,0,0.0
1823,6121472,0,0,0.0
1824,6121472,0,0,0.0
1825,6121472,0,0,0.0
1826,6121472,0,0,0.0
1827,6121472,0,0,0.0
1828,6121472,0,0,0.0
1829,6120820,0,652,0.0
1830,6121472,0,0,0.0
1831,6121472,0,0,0.0
1832,6121472,0,0,0.0
1833,6121472,0,0,0.0
1834,6121472,0,0,0.0
1835,6121472,0,0,0.0
1836,6121472,0,0,0.0
1837,6108211,0,13261,0.0
1838,6105313,0,16159,0.0
1839,6116590,0,4882,0.0
1840,6121472,0,0,0.0
1841,6121472,0,0,0.0
1842,6121472,0,0,0.0
1843,6121472,0,0,0.0
1844,6121472,0,0,0.0
1845,6121472,0,0,0.0
1846,6121472,0,0,0.0
1847,6121472,0,0,0.0
1848,6121472,0,0,0.0
1849,6121472,0,0,0.0
1850,6121472,0,0,0.0
1851,6121472,0,0,0.0
1852,6121472,0,0,0.0
1853,6121472,0,0,0.0
1854,6121472,0,0,0.0
1855,6121472,0,0,0.0
1856,6107435,0,14037,0.0
1857,6121472,0,0,0.0
1858,6121472,0,0,0.0
1859,6121472,0,0,0.0
1860,6118565,0,2907,0.0
1861,6121472,0,0,0.0
1862,6121472,0,0,0.0
1863,6121472,0,0,0.0
1864,6119836,0,1636,0.0
1865,6121472,0,0,0.0
1866,6121472,0,0,0.0
1867,6121472,0,0,0.0
1868,6121472,0,0,0.0
1869,6121472,0,0,0.0
1870,6121472,0,0,0.0
1871,6121472,0,0,0.0
1872,6121472,0,0,0.0
1873,6121472,0,0,0.0
1874,6114726,0,6746,0.0
1875,6094316,0,27156,0.0
1876,6103172,0,18300,0.0
1877,6116371,0,5101,0.0
1878,6115051,0,6421,0.0
1879,6120279,0,1193,0.0
1880,6121472,0,0,0.0
1881,6115763,0,5709,0.0
1882,6091306,0,30166,0.0
1883,6121472,0,0,0.0
1884,6121472,0,0,0.0
1885,6121472,0,0,0.0
1886,6119744,0,1728,0.0
1887,6121472,0,0,0.0
1888,6121472,0,0,0.0
1889,6121472,0,0,0.0
1890,6121472,0,0,0.0
1891,6118413,0,3059,0.0
1892,6112449,0,9023,0.0
1893,6113257,0,8215,0.0
1894,6121472,0,0,0.0
1895,6121472,0,0,0.0
1896,6121472,0,0,0.0
1897,6121472,0,0,0.0
1898,6121472,0,0,0.0
1899,6121472,0,0,0.0
1900,6110640,0,10832,0.0
1901,6115102,0,6370,0.0
1902,6121472,0,0,0.0
1903,6121472,0,0,0.0
1904,6121472,0,0,0.0
1905,6121472,0,0,0.0
1906,6121472,0,0,0.0
1907,6112056,0,9416,0.0
1908,6121472,0,0,0.0
1909,6109621,0,11851,0.0
1910,6121472,0,0,0.0
1911,6120233,0,1239,0.0
1912,6121472,0,0,0.0
1913,6108747,0,12725,0.0
1914,6121472,0,0,0.0
1915,6110141,0,11331,0.0
1916,6107143,0,14329,0.0
1917,6109849,0,11623,0.0
1918,6121472,0,0,0.0
1919,6117520,0,3952,0.0
1920,6121472,0,0,0.0
1921,6121472,0,0,0.0
1922,6121472,0,0,0.0
1923,6121472,0,0,0.0
1924,6121472,0,0,0.0
1925,6121472,0,0,0.0
1926,6121472,0,0,0.0
1927,6116613,0,4859,0.0
1928,6121472,0,0,0.0
1929,6121472,0,0,0.0
1930,6115508,0,5964,0.0
1931,6121472,0,0,0.0
1932,6098919,0,22553,0.0
1933,6106613,0,14859,0.0
1934,6110970,0,10502,0.0
1935,6117447,0,4025,0.0
1936,6113874,0,7598,0.0
1937,6117398,0,4074,0.0
1938,6102513,0,18959,0.0
1939,6115948,0,5524,0.0
1940,6121472,0,0,0.0
1941,6115792,0,5680,0.0
1942,6119376,0,2096,0.0
1943,6121472,0,0,0.0
1944,6121472,0,0,0.0
1945,6120857,0,615,0.0
1946,6114960,0,6512,0.0
1947,6116669,0,4803,0.0
1948,6121472,0,0,0.0
1949,6120433,0,1039,0.0
1950,6121472,0,0,0.0
1951,6121472,0,0,0.0
1952,6115399,0,6073,0.0
1953,6118524,0,2948,0.0
1954,6114406,0,7066,0.0
1955,6107006,0,14466,0.0
1956,6121472,0,0,0.0
1957,6121472,0,0,0.0
1958,6121472,0,0,0.0
1959,6121472,0,0,0.0
1960,6121472,0,0,0.0
1961,6121472,0,0,0.0
1962,6119739,0,1733,0.0
1963,6121472,0,0,0.0
1964,6121472,0,0,0.0
1965,6121472,0,0,0.0
1966,6121472,0,0,0.0
1967,6121472,0,0,0.0
1968,6121472,0,0,0.0
1969,6119546,0,1926,0.0
1970,6119771,0,1701,0.0
1971,6121472,0,0,0.0
1972,6121472,0,0,0.0
1973,6121472,0,0,0.0
1974,6121472,0,0,0.0
1975,6121472,0,0,0.0
1976,6121472,0,0,0.0
1977,6121472,0,0,0.0
1978,6121472,0,0,0.0
1979,6121472,0,0,0.0
1980,6115619,0,5853,0.0
1981,6121472,0,0,0.0
1982,6121472,0,0,0.0
1983,6121472,0,0,0.0
1984,6117671,0,3801,0.0
1985,6113972,0,7500,0.0
1986,6096758,0,24714,0.0
1987,6105168,0,16304,0.0
1988,6104401,0,17071,0.0
1989,6110521,0,10951,0.0
1990,6103206,0,18266,0.0
1991,6121472,0,0,0.0
1992,6121472,0,0,0.0
1993,6118216,0,3256,0.0
1994,6121472,0,0,0.0
1995,6121472,0,0,0.0
1996,6121472,0,0,0.0
1997,6119506,0,1966,0.0
1998,6121472,0,0,0.0
1999,6121472,0,0,0.0
2000,6121472,0,0,0.0
2001,6121472,0,0,0.0
2002,6121472,0,0,0.0
2003,6121472,0,0,0.0
2004,6121472,0,0,0.0
2005,6121472,0,0,0.0
2006,6114618,6854,0,0.0
2007,6121472,0,0,0.0
2008,6121472,0,0,0.0
2009,6121472,0,0,0.0
2010,6121472,0,0,0.0
2011,6121472,0,0,0.0
2012,6121472,0,0,0.0
2013,6121472,0,0,0.0
2014,6121472,0,0,0.0
2015,6121472,0,0,0.0
2016,6121472,0,0,0.0
2017,6121472,0,0,0.0
2018,6121472,0,0,0.0
2019,6121472,0,0,0.0
2020,6121472,0,0,0.0
2021,6121472,0,0,0.0
2022,6121472,0,0,0.0
2023,6121472,0,0,0.0
2024,6121472,0,0,0.0
2025,6121472,0,0,0.0
2026,6121472,0,0,0.0
2027,6121472,0,0,0.0
2028,6121472,0,0,0.0
2029,6121472,0,0,0.0
2030,6121472,0,0,0.0
2031,6121472,0,0,0.0
2032,6121472,0,0,0.0
2033,6121472,0,0,0.0
2034,6121472,0,0,0.0
2035,6121472,0,0,0.0
2036,6121472,0,0,0.0
2037,6120066,0,1406,0.0
2038,6121472,0,0,0.0
2039,6114404,0,7068,0.0
2040,6119218,0,2254,0.0
2041,6116242,5230,0,0.0
2042,6121472,0,0,0.0
2043,6121472,0,0,0.0
2044,6121472,0,0,0.0
2045,6113854,7618,0,0.0
2046,6121472,0,0,0.0
2047,6111491,9981,0,0.0
2048,6111014,10458,0,0.0
2049,6121472,0,0,0.0
2050,6121472,0,0,0.0
2051,6121472,0,0,0.0
2052,6121472,0,0,0.0
2053,6121472,0,0,0.0
2054,6121472,0,0,0.0
2055,6121472,0,0,0.0
2056,6121472,0,0,0.0
2057,6121472,0,0,0.0
2058,6110538,0,10934,0.0
2059,6121472,0,0,0.0
2060,6121472,0,0,0.0
2061,6121472,0,0,0.0
2062,6121472,0,0,0.0
2063,6121472,0,0,0.0
2064,6121472,0,0,0.0
2065,6121472,0,0,0.0
2066,6121472,0,0,0.0
2067,6121472,0,0,0.0
2068,6113376,0,8096,0.0
2069,6121472,0,0,0.0
2070,6119721,0,1751,0.0
2071,6106528,0,14944,0.0
2072,6121472,0,0,0.0
2073,6121472,0,0,0.0
2074,6121472,0,0,0.0
2075,6121472,0,0,0.0
2076,6103824,0,17648,0.0
2077,6118128,0,3344,0.0
2078,6121472,0,0,0.0
2079,6121472,0,0,0.0
2080,6121472,0,0,0.0
2081,6121472,0,0,0.0
2082,6121472,0,0,0.0
2083,6121472,0,0,0.0
2084,6121472,0,0,0.0
2085,6120101,0,1371,0.0
2086,6114195,7277,0,0.0
2087,6121472,0,0,0.0
2088,6121472,0,0,0.0
2089,6121472,0,0,0.0
2090,6121472,0,0,0.0
2091,6121472,0,0,0.0
2092,6121472,0,0,0.0
2093,6121472,0,0,0.0
2094,6100512,20960,0,0.0
2095,6121472,0,0,0.0
2096,6117482,3990,0,0.0
2097,6108903,12569,0,0.0
2098,6086693,34779,0,0.0
2099,6111662,9810,0,0.0
2100,6062675,58797,0,0.0
2101,6121472,0,0,0.0
2102,6092833,28639,0,0.0
2103,6121472,0,0,0.0
2104,6108883,0,12589,0.0
2105,6121472,0,0,0.0
2106,6118832,0,2640,0.0
2107,6121472,0,0,0.0
2108,6121472,0,0,0.0
2109,6121472,0,0,0.0
2110,6121472,0,0,0.0
2111,6121472,0,0,0.0
2112,6109543,0,11929,0.0
2113,6118228,0,3244,0.0
2114,6115278,0,6194,0.0
2115,6121472,0,0,0.0
2116,6119308,0,2164,0.0
2117,6121472,0,0,0.0
2118,6121472,0,0,0.0
2119,6121472,0,0,0.0
2120,6121472,0,0,0.0
2121,6121472,0,0,0.0
2122,6121472,0,0,0.0
2123,6121472,0,0,0.0
2124,6121472,0,0,0.0
2125,6121472,0,0,0.0
2126,6121472,0,0,0.0
2127,6121472,0,0,0.0
2128,6121472,0,0,0.0
2129,6112882,0,8590,0.0
2130,6105361,0,16111,0.0
2131,6121472,0,0,0.0
2132,6121472,0,0,0.0
2133,6121472,0,0,0.0
2134,6121472,0,0,0.0
2135,6121472,0,0,0.0
2136,6121472,0,0,0.0
2137,6121472,0,0,0.0
2138,6121472,0,0,0.0
2139,6121472,0,0,0.0
2140,6121472,0,0,0.0
2141,6121472,0,0,0.0
2142,6121472,0,0,0.0
2143,6121472,0,0,0.0
2144,6121472,0,0,0.0
2145,6121472,0,0,0.0
2146,6121472,0,0,0.0
2147,6121472,0,0,0.0
2148,6121472,0,0,0.0
2149,6121472,0,0,0.0
2150,6121472,0,0,0.0
2151,6121472,0,0,0.0
2152,6121472,0,0,0.0
2153,6121472,0,0,0.0
2154,6121472,0,0,0.0
2155,6121472,0,0,0.0
2156,6121472,0,0,0.0
2157,6121472,0,0,0.0
2158,6121472,0,0,0.0
2159,6121472,0,0,0.0
2160,6121472,0,0,0.0
2161,6121472,0,0,0.0
2162,6121472,0,0,0.0
2163,6121472,0,0,0.0
2164,6105494,15978,0,0.0
2165,6115218,6254,0,0.0
2166,6121472,0,0,0.0
2167,6121472,0,0,0.0
2168,6121472,0,0,0.0
2169,6121472,0,0,0.0
2170,6119714,1758,0,0.0
2171,6112715,8757,0,0.0
2172,6112961,8511,0,0.0
2173,6119115,2357,0,0.0
2174,6121472,0,0,0.0
2175,6121472,0,0,0.0
